연번,호선,역명,장비,호기,승강기번호,운행구간(공사기준),설치위치,운행구간(자체조사)
1,1,서울(1),E/S,1,1800-448,B2(대)-B1(연결통로),4호선연결통로 상행,B2(대)-B1(연결통로)
2,1,서울(1),E/S,2,1806-600,섬석 B1(연결통로)-B2(승),남영방향 하행 2-3,섬석 B1(연결통로)-B2(승)
3,1,서울(1),E/S,3,1806-599,섬식 B2(승)-B1(연결통로),시청방향 상행 9-3,섬식 B2(승)-B1(연결통로)
4,1,서울(1),E/S,4,1810-816,지상-B1(대),4번출구 하행,지상-B1(대)
5,1,서울(1),E/S,5,1810-817,B1(대)-지상,4번출구 상행,B1(대)-지상
6,1,시청(1),E/S,1,1808-119,지상(시청광장)-B1(대),5번출구 하행,지상(시청광장)-B1(대)
7,1,시청(1),E/S,2,1808-120,B1(대)-지상(시청광장),5번출구 상행,B1(대)-지상(시청광장)
8,1,시청(1),E/S,3,1809-239,B1(대)-지상(덕수궁),1번출구 상행,B1(대)-지상(덕수궁)
9,1,종각,E/S,1,1810-730,지상-B1(대),1번출구 상행,지상-B1(대)
10,1,종각,E/S,2,1810-729,지상-B1(대),1번출구 상행,지상-B1(대)
11,1,종로3가(1),E/S,1,1806-432,지상-B1(대),1번출구 하행,지상-B1(대)
12,1,종로3가(1),E/S,2,1806-431,B1(대)-지상,1번출구 상행,B1(대)-지상
13,1,종로3가(1),E/S,3,1806-597,지상-B1(대),14번출구 하행,지상-B1(대)
14,1,종로3가(1),E/S,4,1806-598,B1(대)-지상,14번출구 상행,B1(대)-지상
15,1,동대문(1),E/S,1,1809-225,B1(대)-지상,1번출구 상행,B1(대)-지상
16,1,동묘앞,E/S,1,1800-055,B2-B3(6호선연결통로),청량리방향 하행 9-1,B2-B3(6호선연결통로)
17,1,동묘앞,E/S,2,1800-056,B3(6호선연결통로)-B2,청량리방향 상행 9-1,B3(6호선연결통로)-B2
18,1,동묘앞,E/S,3,1800-057,B1(승)-B2(연),청량리방향 하행 6-2,B1(승)-B2(연)
19,1,동묘앞,E/S,4,1800-060,B2(연)-B1(승),시청방향 상행 5-4,B2(연)-B1(승)
20,1,동묘앞,E/S,5,1800-061,B1(승)-B2(연),시청방향 하행 2-4,B1(승)-B2(연)
21,1,동묘앞,E/S,6,1800-062,B2(연)-B1(승),시청방향 상행 2-4,B2(연)-B1(승)
22,1,동묘앞,E/S,7,1800-054,지상-B1(대),1번출구 하행,지상-B1(대)
23,1,동묘앞,E/S,8,1800-053,B1(대)-지상,1번출구 상행,B1(대)-지상
24,1,동묘앞,E/S,9,1800-058,지상-B1(역무실),2번출구 하행,지상-B1(역무실)
25,1,동묘앞,E/S,10,1800-059,B1(역무실)-지상,2번출구 상행,B1(역무실)-지상
26,1,동묘앞,E/S,11,1800-063,지상-B1(대),3번출구 하행,지상-B1(대)
27,1,동묘앞,E/S,12,1800-064,B1(대)-지상,3번출구 상행,B1(대)-지상
28,1,제기동,E/S,1,1809-138,지상-B1(대),2번출구 하행,지상-B1(대)
29,1,제기동,E/S,2,1809-139,B1(대)-지상,2번출구 상행,B1(대)-지상
30,1,청량리(1),E/S,1,1809-136,지상-B1(대),6번출구 하행,지상-B1(대)
31,1,청량리(1),E/S,2,1809-137,B1(대)-지상,6번출구 상행,B1(대)-지상
32,1,청량리(1),E/S,3,1806-436,지상-B1(대),2번출구 하행,지상-B1(대)
33,1,청량리(1),E/S,4,1806-435,B1(대)-지상,2번출구 상행,B1(대)-지상
34,2,시청(2),E/S,3,1808-578,"1,2호선 연결통로(신)",서울역방향 1-4 근접 하행(2),"1,2호선 연결통로(신)"
35,2,시청(2),E/S,4,1808-577,"1,2호선 연결통로(신)",서울역방향 1-4 근접 상행(2),"1,2호선 연결통로(신)"
36,2,시청(2),E/S,5,1808-576,"1,2호선 연결통로(신)",내부화장실 근접 하행(2),"1,2호선 연결통로(신)"
37,2,시청(2),E/S,6,1808-575,"1,2호선 연결통로(신)",내부화장실 근접 상행(2),"1,2호선 연결통로(신)"
38,2,을지로입구,E/S,1,1801-058,지상-B1(대),8번출구 하행,지상-B1(대)
39,2,을지로입구,E/S,2,1801-059,B1(대)-지상,8번출구 상행,B1(대)-지상
40,2,을지로입구,E/S,3,1800-930,지상-연결통로,1번출구 하행,지상-연결통로
41,2,을지로입구,E/S,4,1800-931,연결통로-지상,1번출구 상행,연결통로-지상
42,2,을지로입구,E/S,5,1800-932,연결통로-B1(대),1번출구 하행,연결통로-B1(대)
43,2,을지로입구,E/S,6,1800-933,B1(대)-연결통로,1번출구 상행,B1(대)-연결통로
44,2,을지로4가,E/S,1,1808-583,지상-B1(대),5번출구 하행,지상-B1(대)
45,2,을지로4가,E/S,2,1808-584,B1(대)-지상,5번출구 상행,B1(대)-지상
46,2,동대문역사문화공원(2),E/S,1,1800-722,지상-B1(대),3번출구 하행,지상-B1(대)
47,2,동대문역사문화공원(2),E/S,2,1800-723,B1(대)-지상,3번출구 상행,B1(대)-지상
48,2,신당,E/S,1,1801-244,지상-B1(대),3번출구 하행,지상-B1(대)
49,2,신당,E/S,2,1801-299,B1(대)-지상,3번출구 상행,B1(대)-지상
50,2,상왕십리,E/S,1,1812-874,,1번출구,
51,2,상왕십리,E/S,2,1812-873,,1번출구,
52,2,상왕십리,E/S,3,1812-872,,1번출구,
53,2,상왕십리,E/S,4,1812-871,,1번출구,
54,2,상왕십리,E/S,5,1809-944,,1-1번출구,
55,2,상왕십리,E/S,6,1809-943,,1-1번출구,
56,2,상왕십리,E/S,7,1809-942,,1-1번출구,
57,2,상왕십리,E/S,8,1809-941,,1-1번출구,
58,2,왕십리,E/S,1,1800-400,지상-B1(대),3번출구 하행,지상-B1(대)
59,2,왕십리,E/S,2,1801-006,B1(대)-지상,3번출구 상행,B1(대)-지상
60,2,왕십리,E/S,3,1809-216,5호선-2호선 환승,외선 7-7 하행,5호선-2호선 환승
61,2,왕십리,E/S,4,1809-217,2호선-5호선 환승,외선 7-1 상행,2호선-5호선 환승
62,2,왕십리,E/S,5,1809-218,5호선-2호선 환승,내선 2-3 하행,5호선-2호선 환승
63,2,왕십리,E/S,6,1809-219,2호선-5호선 환승,내선 2-3 상행,2호선-5호선 환승
64,2,왕십리,E/S,7,1808-501,5호선-2호선 환승,내선 3-1 하행,5호선-2호선 환승
65,2,왕십리,E/S,8,1808-502,2호선-5호선 환승,내선 3-1 상행,2호선-5호선 환승
66,2,한양대,E/S,1,1800-556,지상-F2(대),1번출구 하행,지상-F2(대)
67,2,한양대,E/S,2,1800-555,F2(대)-지상,2번출구 상행,F2(대)-지상
68,2,뚝섬,E/S,1,1801-057,지상-F2(대),5번출구 하행,지상-F2(대)
69,2,뚝섬,E/S,2,1808-121,F2(대)-지상,5번출구 상행,F2(대)-지상
70,2,뚝섬,E/S,3,1800-472,지상-F2(대),2번출구 하행,지상-F2(대)
71,2,뚝섬,E/S,4,1800-473,F2(대)-지상,2번출구 상행,F2(대)-지상
72,2,뚝섬,E/S,5,1800-470,지상-F2(대),8번출구 하행,지상-F2(대)
73,2,뚝섬,E/S,6,1800-471,F2(대)-지상,8번출구 상행,F2(대)-지상
74,2,뚝섬,E/S,7,1812-506,지상-F2(대),3번출구 하행,지상-F2(대)
75,2,뚝섬,E/S,8,1812-505,F2(대)-지상,3번출구 상행,F2(대)-지상
76,2,성수,E/S,1,1809-486,지상-F2(대),1번출구 하행,지상-F2(대)
77,2,성수,E/S,2,1809-487,F2(대)-지상,1번출구 상행,F2(대)-지상
78,2,성수,E/S,3,1809-488,지상-F2(대),2번출구 하행,지상-F2(대)
79,2,성수,E/S,4,1809-489,F2(대)-지상,2번출구 상행,F2(대)-지상
80,2,성수,E/S,5,1809-490,지상-F2(대),3번출구 하행,지상-F2(대)
81,2,성수,E/S,6,1809-491,F2(대)-지상,3번출구 상행,F2(대)-지상
82,2,성수,E/S,7,1809-492,지상-F2(대),4번출구 하행,지상-F2(대)
83,2,성수,E/S,8,1809-493,F2(대)-지상,4번출구 상행,F2(대)-지상
84,2,용두,E/S,1,1809-045,B3(대)-B2(대),신설동방향 2-4 상행,B3(대)-B2(대)
85,2,용두,E/S,2,1809-046,B3(대)-B2(대),성수방향 3-1 상행,B3(대)-B2(대)
86,2,용두,E/S,3,1809-050,지상-B2(대),1번출구 하행,지상-B2(대)
87,2,용두,E/S,4,1809-049,B2(대)-지상,1번출구 상행,B2(대)-지상
88,2,용두,E/S,5,1809-052,지상-B2(대),2번출구 하행,지상-B2(대)
89,2,용두,E/S,6,1809-051,B2(대)-지상,2번출구 상행,B2(대)-지상
90,2,용두,E/S,7,1809-047,B2(대)-지상,3번출구 하행,B2(대)-지상
91,2,용두,E/S,8,1809-048,지상-B2(대),3번출구 상행,지상-B2(대)
92,2,용두,E/S,9,1809-053,B2(대)-지상,4번출구 하행,B2(대)-지상
93,2,용두,E/S,10,1809-054,지상-B2(대),4번출구 상행,지상-B2(대)
94,2,용두,E/S,11,1809-055,B2(대)-지상,5번출구 하행,B2(대)-지상
95,2,용두,E/S,12,1809-056,지상-B2(대),5번출구 상행,지상-B2(대)
96,2,건대입구,E/S,1,1801-062,지상-F2(대),6번출구 하행,지상-F2(대)
97,2,건대입구,E/S,2,1801-063,F2(대)-지상,6번출구 상행,F2(대)-지상
98,2,구의,E/S,1,1809-196,지상-F2(대),1번출구 하행,지상-F2(대)
99,2,구의,E/S,2,1809-197,F2(대)-지상,1번출구 상행,F2(대)-지상
100,2,구의,E/S,3,1803-426,지상-F2(대),4번출구 하행,지상-F2(대)
101,2,구의,E/S,4,1803-427,F2(대)-지상,4번출구 상행,F2(대)-지상
102,2,구의,E/S,5,1806-177,지상-F2(대),2번출구 하행,지상-F2(대)
103,2,구의,E/S,6,1806-178,F2(대)-지상,2번출구 상행,F2(대)-지상
104,2,강변,E/S,5,1811-788,지상-F2(대),,
105,2,강변,E/S,6,1811-789,F2(대)-지상,,
106,2,잠실나루,E/S,1,1806-940,F2(대)-지상,내부 대합실 하행,F2(대)-지상
107,2,잠실나루,E/S,2,1806-939,지상-F2(대),내부 대합실 상행,지상-F2(대)
108,2,잠실나루,E/S,3,1809-597,F3(승)-F2(대),2번출구 외선 상행 10-1,F3(승)-F2(대)
109,2,잠실나루,E/S,4,1809-598,F2(대)-F3(승),2번출구 내선 상행 1-4,F2(대)-F3(승)
110,2,잠실,E/S,1,1801-758,지상-B1(대),5번출구 하행,지상-B1(대)
111,2,잠실,E/S,2,1801-757,B1(대)-지상,5번출구 상행,B1(대)-지상
112,2,잠실,E/S,3,1808-875,지상-B1(대),1번출구 하행,지상-B1(대)
113,2,잠실,E/S,4,1808-874,B1(대)-지상,1번출구 상행,B1(대)-지상
114,2,잠실,E/S,5,1807-812,지상-B1(대),2번출구 하행,지상-B1(대)
115,2,잠실,E/S,6,1807-811,B1(대)-지상,2번출구 상행,B1(대)-지상
116,2,잠실새내,E/S,1,1802-837,B1(대)-지상,1번출구 상행,B1(대)-지상
117,2,잠실새내,E/S,2,1802-748,지상-B1(대),2번출구 하행,지상-B1(대)
118,2,잠실새내,E/S,3,1802-836,B1(대)-지상,2번출구 상행,B1(대)-지상
119,2,잠실새내,E/S,4,1802-928,지상-B1(대),5번출구 하행,지상-B1(대)
120,2,잠실새내,E/S,5,1802-929,B1(대)-지상,5번출구 상행,B1(대)-지상
121,2,잠실새내,E/S,6,1802-930,지상-B1(대),6번출구 하행,지상-B1(대)
122,2,잠실새내,E/S,7,1802-931,B1(대)-지상,6번출구 상행,B1(대)-지상
123,2,잠실새내,E/S,8,1802-838,지상-B1(대),7번출구 하행,지상-B1(대)
124,2,잠실새내,E/S,9,1802-839,B1(대)-지상,7번출구 상행,B1(대)-지상
125,2,잠실새내,E/S,10,1802-609,지상-B1(대),8번출구 하행,지상-B1(대)
126,2,잠실새내,E/S,11,1802-749,B1(대)-지상,8번출구 상행,B1(대)-지상
127,2,종합운동장,E/S,1,1801-772,지상-B1(대),4번출구 하행,지상-B1(대)
128,2,종합운동장,E/S,2,1801-773,B1(대)-지상,4번출구 상행,B1(대)-지상
129,2,종합운동장,E/S,3,1809-564,지상-B1(대),8번출구 상행,지상-B1(대)
130,2,종합운동장,E/S,4,1811-803,지상-B1(대),1번출구 하행,지상-B1(대)
131,2,종합운동장,E/S,5,1811-804,B1(대)-지상,1번출구 상행,B1(대)-지상
132,2,삼성,E/S,1,1805-214,지상-B1(대),3번출구 하행,지상-B1(대)
133,2,삼성,E/S,2,1805-215,B1(대)-지상,3번출구 상행,B1(대)-지상
134,2,삼성,E/S,3,1811-348,지상-B1(대),7번출구 하행,지상-B1(대)
135,2,삼성,E/S,4,1811-347,B1(대)-지상,7번출구 상행,B1(대)-지상
136,2,선릉,E/S,1,1802-744,지상-B1(대),4번출구 하행,지상-B1(대)
137,2,선릉,E/S,2,1802-745,B1(대)-지상,4번출구 상행,B1(대)-지상
138,2,역삼,E/S,1,1805-221,"B1(1,2,5~8통로)-B1(대)","1,2,5~8번출구 근접 하행","B1(1,2,5~8통로)-B1(대)"
139,2,역삼,E/S,2,1805-222,"B1(대)-B1(1,2,5~8통로)","1,2,5~8번출구 근접 상행","B1(대)-B1(1,2,5~8통로)"
140,2,역삼,E/S,3,1805-223,"B1(1,2,5~8통로)-B1(대)","1,2,5~8번출구 근접 하행","B1(1,2,5~8통로)-B1(대)"
141,2,역삼,E/S,4,1805-224,"B1(대)-B1(1,2,5~8통로)","1,2,5~8번출구 근접 상행","B1(대)-B1(1,2,5~8통로)"
142,2,역삼,E/S,5,1805-225,"지상(1,2통로)-B1(대)","1,2번출구 근접 하행","지상(1,2통로)-B1(대)"
143,2,역삼,E/S,6,1805-226,"B1(대)-지상(1,2통로)","1,2번출구 근접 상행","B1(대)-지상(1,2통로)"
144,2,역삼,E/S,7,1805-227,지상(5~8통로)-B1(대),5~8번출구 근접 하행,지상(5~8통로)-B1(대)
145,2,역삼,E/S,8,1805-228,B1(대)-지상(5~8통로),5~8번출구 근접 상행,B1(대)-지상(5~8통로)
146,2,역삼,E/S,9,1801-830,지상-B1(대),3번출구 하행,지상-B1(대)
147,2,역삼,E/S,10,1801-837,B1(대)-지상,3번출구 상행,B1(대)-지상
148,2,역삼,E/S,11,1805-229,지상-B1(대),4번출구 하행,지상-B1(대)
149,2,역삼,E/S,12,1805-230,B1(대)-지상,4번출구 상행,B1(대)-지상
150,2,교대(2),E/S,1,1801-775,지상-B1(대),6번출구 하행,지상-B1(대)
151,2,교대(2),E/S,2,1801-774,B1(대)-지상,6번출구 상행,B1(대)-지상
152,2,서초,E/S,1,1802-697,지상-B1(대),6번출구 하행,지상-B1(대)
153,2,서초,E/S,2,1802-698,B1(대)-지상,6번출구 상행,B1(대)-지상
154,2,서초,E/S,3,1806-990,지상-B1(대),3번출구 하행,지상-B1(대)
155,2,서초,E/S,4,1806-989,B1(대)-지상,3번출구 상행,B1(대)-지상
156,2,서초,E/S,5,1807-000,지상-B1(대),4번출구,지상-B1(대)
157,2,서초,E/S,6,1806-999,B1(대)-지상,4번출구,B1(대)-지상
158,2,서초,E/S,7,1808-896,지상-B1(대),"3,4번출구 하행",지상-B1(대)
159,2,서초,E/S,8,1808-892,B1(대)-지상,"3,4번출구 상행",B1(대)-지상
160,2,방배,E/S,1,1809-589,지상-B1(대),4번출구,지상-B1(대)
161,2,방배,E/S,2,1809-590,B1(대)-지상,4번출구,B1(대)-지상
162,2,사당(2),E/S,1,1804-019,B1(대)-B2(승),외선 하행 3-3,B1(대)-B2(승)
163,2,사당(2),E/S,2,1804-274,B2(승)-B1(대),외선 상행 3-3,B2(승)-B1(대)
164,2,사당(2),E/S,3,1804-020,B1(대)-B2(승),외선 하행 8-1,B1(대)-B2(승)
165,2,사당(2),E/S,4,1804-276,B2(승)-B1(대),외선 상행 8-1,B2(승)-B1(대)
166,2,사당(2),E/S,5,1804-021,B1(대)-B2(승),내선 하행 3-3,B1(대)-B2(승)
167,2,사당(2),E/S,6,1804-275,B2(승)-B1(대),내선 상행 3-3,B2(승)-B1(대)
168,2,사당(2),E/S,7,1804-277,B1(4호선환승)-B2(승),내선 하행 8-1,B1(4호선환승)-B2(승)
169,2,사당(2),E/S,8,1804-022,B2(승)-B1(4호선환승),내선 상행 8-1,B2(승)-B1(4호선환승)
170,2,사당(2),E/S,9,1804-023,지상-B1(대),14번출구 하행,지상-B1(대)
171,2,사당(2),E/S,10,1804-024,B1(대)-지상,14번출구 상행,B1(대)-지상
172,2,사당(2),E/S,11,1804-025,지상-B1(대),5번출구 하행,지상-B1(대)
173,2,사당(2),E/S,12,1804-026,B1(대)-지상,5번출구 상행,B1(대)-지상
174,2,낙성대,E/S,1,1803-573,지상-B1(대),4번출구 하행,지상-B1(대)
175,2,낙성대,E/S,2,1803-574,B1(대)-지상,4번출구 상행,B1(대)-지상
176,2,낙성대,E/S,3,1807-749,지상-B1(대),1번출구 하행,지상-B1(대)
177,2,낙성대,E/S,4,1807-750,B1(대)-지상,1번출구 상행,B1(대)-지상
178,2,낙성대,E/S,5,1813-233,지상-B1(대),5번출구,지상-B1(대)
179,2,낙성대,E/S,6,1813-254,B1(대)-지상,5번출구,B1(대)-지상
180,2,서울대입구,E/S,1,1803-446,B2(승)-B1(대),내선 상행 9-1,B2(승)-B1(대)
181,2,서울대입구,E/S,2,1803-447,B1(대)-B2(승),내선 하행 6-1,B1(대)-B2(승)
182,2,서울대입구,E/S,3,1803-448,B2(승)-B1(대),외선 상행 5-3,B2(승)-B1(대)
183,2,서울대입구,E/S,4,1803-449,B2(승)-B1(대),외선 상행 9-1 ,B2(승)-B1(대)
184,2,서울대입구,E/S,5,1803-450,지상-B1(대),3번출구 하행,지상-B1(대)
185,2,서울대입구,E/S,6,1803-451,B1(대)-지상,3번출구 상행,B1(대)-지상
186,2,서울대입구,E/S,7,1803-452,지상-B1(대),4번출구 하행,지상-B1(대)
187,2,서울대입구,E/S,8,1803-453,B1(대)-지상,4번출구 상행,B1(대)-지상
188,2,봉천,E/S,1,1807-210,B1(대)-B2(승),외선 하행 5-3,B1(대)-B2(승)
189,2,봉천,E/S,2,1807-211,B2(승)-B1(대),외선 상행 6-2,B2(승)-B1(대)
190,2,봉천,E/S,3,1807-212,지상-B1(대),3번출구 하행,지상-B1(대)
191,2,봉천,E/S,4,1807-213,B1(대)-지상,3번출구 상행,B1(대)-지상
192,2,봉천,E/S,5,1807-214,지상-B1(대),6번출구 하행,지상-B1(대)
193,2,봉천,E/S,6,1807-215,B1(대)-지상,6번출구 상행,B1(대)-지상
194,2,신림,E/S,1,1807-277,B1(대)-지상(쇼핑몰),7번출구 상행,B1(대)-지상(쇼핑몰)
195,2,신림,E/S,2,1803-562,B1(대)-지상(두산아파트),2번출구 상행,B1(대)-지상(두산아파트)
196,2,신림,E/S,3,1803-563,지상-B1(대),2번출구 하행,지상-B1(대)
197,2,신림,E/S,4,1810-998,지상-B1(대),4번출구 하행,지상-B1(대)
198,2,신림,E/S,5,1810-999,B1(대)-지상,4번출구 상행,B1(대)-지상
199,2,신대방,E/S,1,1803-536,F3(승)-F2(대),내선 하행 3-4,F3(승)-F2(대)
200,2,신대방,E/S,2,1803-537,F2(대)-F3(승),내선 상행 3-4,F2(대)-F3(승)
201,2,신대방,E/S,3,1803-538,F3(승)-F2(대),내선 하행 8-3,F3(승)-F2(대)
202,2,신대방,E/S,4,1803-539,F2(대)-F3(승),내선 상행 8-3,F2(대)-F3(승)
203,2,신대방,E/S,5,1803-540,F3(대)-F2(대),외선 하행 3-1,F3(대)-F2(대)
204,2,신대방,E/S,6,1803-541,F2(대)-F3(승),외선 상행 3-1,F2(대)-F3(승)
205,2,신대방,E/S,7,1803-542,F3(승)-F2(대),외선 하행 7-1,F3(승)-F2(대)
206,2,신대방,E/S,8,1803-543,F2(대)-F3(승),외선 상행 7-1,F2(대)-F3(승)
207,2,구로디지털단지,E/S,1,1803-560,상대식(내선)지상-F2,2번출구 상행,상대식(내선)지상-F2
208,2,구로디지털단지,E/S,2,1803-561,상대식(내선)F2-지상,3번출구 하행,상대식(내선)F2-지상
209,2,구로디지털단지,E/S,3,1803-558,상대식(외선)F2-지상,5번출구 하행,상대식(외선)F2-지상
210,2,구로디지털단지,E/S,4,1803-559,상대식(외선)지상-F2,5번출구 상행,상대식(외선)지상-F2
211,2,대림,E/S,1,1803-789,상대식(내선)F2-지상,1번출구 하행,상대식(내선)F2-지상
212,2,대림,E/S,2,1803-788,상대식(내선)지상-F2(대),1번출구 상행,상대식(내선)지상-F2(대)
213,2,대림,E/S,3,1803-791,상대식(외선)F2(대)-지상,8벌출구 하행,상대식(외선)F2(대)-지상
214,2,대림,E/S,4,1803-790,상대식(외선)지상-F2(대),8번출구 상행,상대식(외선)지상-F2(대)
215,2,대림,E/S,5,1807-691,상대식(외선)F2(대)-지상,5번출구 하행,상대식(외선)F2(대)-지상
216,2,대림,E/S,6,1807-690,상대식(외선)지상-F2(대),5번출구 상행,상대식(외선)지상-F2(대)
217,2,신도림,E/S,1,1803-777,섬식 B3(승)-B2(연결통로),외선 상행 7-3,섬식 B3(승)-B2(연결통로)
218,2,신도림,E/S,2,1803-776,섬식 B3(승)-B2(연결통로),외선 상행 7-3,섬식 B3(승)-B2(연결통로)
219,2,신도림,E/S,3,1807-302,섬식 B3(승)-B2(1호선환승),내선 상행 4-1,섬식 B3(승)-B2(1호선환승)
220,2,신도림,E/S,4,1808-850,상대식 B3(승)-B2(연결),외선 상행,상대식 B3(승)-B2(연결)
221,2,신도림,E/S,5,1808-849,상대식 B2(연결)-B3(승),외선 하행 4-2,상대식 B2(연결)-B3(승)
222,2,신도림,E/S,6,1808-848,상대식 B3(승)-B2(연결),외선 상행,상대식 B3(승)-B2(연결)
223,2,신도림,E/S,7,1808-847,상대식 B2(연결)-B3(승),외선 하행 5-1,상대식 B2(연결)-B3(승)
224,2,신도림,E/S,8,1808-846,상대식 B3(승)-B2(연결),외선 상행,상대식 B3(승)-B2(연결)
225,2,신도림,E/S,9,1808-845,상대식 B2-승강장 B3,외선 하행 7-3,상대식 B2-승강장 B3
226,2,양천구청,E/S,1,1811-009,지상-B1(대),2번출구 하행,지상-B1(대)
227,2,양천구청,E/S,2,1811-000,B1(대)-지상,2번출구 상행,B1(대)-지상
228,2,신정네거리,E/S,1,3810-961,지상-B1(대),1번출구 하행,지상-B1(대)
229,2,신정네거리,E/S,2,3810-962,B1(대)-지상,1번출구 상행,B1(대)-지상
230,2,신정네거리,E/S,3,1811-014,지상-B1(대),2번출구 하행,지상-B1(대)
231,2,신정네거리,E/S,4,1811-015,B1(대)-지상,2번출구 상행,B1(대)-지상
232,2,문래,E/S,1,1807-182,지상-B1(대),1번출구 하행,지상-B1(대)
233,2,문래,E/S,2,1807-181,B1(대)-지상,1번출구 상행,B1(대)-지상
234,2,문래,E/S,3,1807-183,지상-B1(대),2번출구 하행,지상-B1(대)
235,2,문래,E/S,4,1807-184,B1(대)-지상,2번출구 상행,B1(대)-지상
236,2,영등포구청,E/S,1,1803-525,지상-B1(대),1번출구 하행,지상-B1(대)
237,2,영등포구청,E/S,2,1803-524,B1(대)-지상,1번출구 상행,B1(대)-지상
238,2,당산,E/S,1,1803-575,지상-F2(대),3번출구 상행,지상-F2(대)
239,2,합정,E/S,1,1800-427,상대식 B3(6호선환승)-B2(승),외선 상행 3-7,상대식 B3(6호선환승)-B2(승)
240,2,합정,E/S,2,1800-428,상대식 B3(6호선환승)-B2(승),내선 상행 7-3,상대식 B3(6호선환승)-B2(승)
241,2,합정,E/S,3,1809-484,지상-B2(대),2번출구 하행,지상-B2(대)
242,2,합정,E/S,4,1809-485,B2(대)-지상,2번출구 상행,B2(대)-지상
243,2,홍대입구,E/S,1,1800-425,섬식 B2(대)-B3(승),내선 하행 7-3,섬식 B2(대)-B3(승)
244,2,홍대입구,E/S,2,1800-426,섬식 B3(승)-B2(대),외선 상행 4-1,섬식 B3(승)-B2(대)
245,2,홍대입구,E/S,3,1808-983,지상-B2(대),2번출구 하행,지상-B2(대)
246,2,홍대입구,E/S,4,1808-984,B2(대)-지상,2번출구 상행,B2(대)-지상
247,2,홍대입구,E/S,5,1808-585,B2(대)-B3(대),1번출구 하행,B2(대)-B3(대)
248,2,홍대입구,E/S,6,1808-586,B3(대)-B2(대),1번출구 상행,B3(대)-B2(대)
249,2,홍대입구,E/S,7,1808-587,지상-B2(대),1번출구 하행,지상-B2(대)
250,2,홍대입구,E/S,8,1808-588,B2(대)-지상,1번출구 상행,B2(대)-지상
251,2,신촌,E/S,1,1808-986,지상-B1(대),7번출구 하행,지상-B1(대)
252,2,신촌,E/S,2,1808-985,B1(대)-지상,7번출구 상행,B1(대)-지상
253,2,신촌,E/S,3,1813-888,지상-B1(대),6번출구,지상-B1(대)
254,2,신촌,E/S,4,1813-887,B1(대)-지상,6번출구,B1(대)-지상
255,2,이대,E/S,1,1800-770,섬식 B2(대)-B3(승),내선 하행 9-3,섬식 B2(대)-B3(승)
256,2,이대,E/S,2,1800-771,섬식 B3(승)-B2(대),외선 상행 2-2,섬식 B3(승)-B2(대)
257,2,이대,E/S,3,1800-772,섬식 B2(대)-B3(승),내선 하행 2-2,섬식 B2(대)-B3(승)
258,2,이대,E/S,4,1800-759,섬식 B3(승)-B2(대),외선 상행 9-3,섬식 B3(승)-B2(대)
259,2,아현,E/S,1,1810-493,,1번출구,
260,2,아현,E/S,2,1810-492,,1번출구,
261,2,충정로,E/S,1,1809-482,섬식 B3(승)-B2(5호선환승),내선 하행 7-1,섬식 B3(승)-B2(5호선환승)
262,2,충정로,E/S,2,1809-483,섬식 B2(5호선환승)-B3(승),외선 상행 4-3,섬식 B2(5호선환승)-B3(승)
263,2,충정로,E/S,3,1809-207,B2(대)-B1(대),대합실 하행,B2(대)-B1(대)
264,2,충정로,E/S,4,1809-208,B1(대)-B2(대),대합실 상행,B1(대)-B2(대)
265,3,구파발,E/S,1,1808-122,지상-B1(대),3번출구 하행,지상-B1(대)
266,3,구파발,E/S,2,1808-123,B1(대)-지상,3번출구 상행,B1(대)-지상
267,3,구파발,E/S,5,1813-947,B1(대)-F1(지상),2번 출구,B1(대)-F1(지상)
268,3,구파발,E/S,6,1813-948,F1(지상)-B1(대),2번 출구,F1(지상)-B1(대)
269,3,연신내,E/S,1,1800-463,지상-B1(대),2번출구 하행,지상-B1(대)
270,3,연신내,E/S,2,1800-464,B1(대)-지상,2번출구 상행,B1(대)-지상
271,3,연신내,E/S,3,1800-465,지상-B1(대),4번출구 하행,지상-B1(대)
272,3,연신내,E/S,4,1801-575,B1(대)-지상,4번출구 상행,B1(대)-지상
273,3,불광,E/S,1,1808-124,지상-B1(대),5번출구 하행,지상-B1(대)
274,3,불광,E/S,2,1808-125,B1(대)-지상,5번출구 상행,B1(대)-지상
275,3,녹번,E/S,1,1813-889,B1(대)-지상,1번출구,B1(대)-지상
276,3,녹번,E/S,2,1813-890,B1(대)-지상,1번출구,B1(대)-지상
277,3,독립문,E/S,1,1800-879,B3(승)-B2(대),하행 7-1,B3(승)-B2(대)
278,3,독립문,E/S,2,1800-898,B3(승)-B2(대),하행 4-1,B3(승)-B2(대)
279,3,독립문,E/S,3,1806-175,B2(대)-B1(대),X-13 기둥 뒤쪽 하행,B2(대)-B1(대)
280,3,독립문,E/S,4,1806-176,B1(대)-B2(대),X-13 기둥 뒤쪽 상행,B1(대)-B2(대)
281,3,독립문,E/S,5,1810-779,지상-B1(대),3-1번출구 하행 ,지상-B1(대)
282,3,독립문,E/S,6,1810-780,B1(대)-지상,3-1번출구 상행 ,B1(대)-지상
283,3,경복궁,E/S,1,1800-315,B2(대)-B3(승),하행 9-1,B2(대)-B3(승)
284,3,경복궁,E/S,2,1800-308,B3(승)-B2(대),상행 2-4,B3(승)-B2(대)
285,3,경복궁,E/S,3,1800-003,B2(대)-B3(승),상행 8-3,B2(대)-B3(승)
286,3,경복궁,E/S,4,1800-004,B3(승)-B2(대),하행 3-2,B3(승)-B2(대)
287,3,경복궁,E/S,5,1800-309,B1(대)-B2(대),E계단 하행,B1(대)-B2(대)
288,3,경복궁,E/S,6,1800-310,B2(대)-B1(대),E계단 상행,B2(대)-B1(대)
289,3,경복궁,E/S,7,1800-005,B1(대)-B2(대),H계단 하행,B1(대)-B2(대)
290,3,경복궁,E/S,8,1800-006,B2(대)-B1(대),H계단 상행,B2(대)-B1(대)
291,3,경복궁,E/S,9,1810-125,지상-B1(대),3-1번출구 하행 ,지상-B1(대)
292,3,경복궁,E/S,10,1810-126,B1(대)-지상,3-1번출구 상행 ,B1(대)-지상
293,3,안국,E/S,1,1801-132,B3(대)-B4(승),하행 7-2,B3(대)-B4(승)
294,3,안국,E/S,2,1801-133,B4(승)-B3(대),상행 4-3,B4(승)-B3(대)
295,3,안국,E/S,3,1801-134,B3(대)-B4(승),하행 4-4,B3(대)-B4(승)
296,3,안국,E/S,4,1801-135,B4(승)-B3(대),상행 7-1,B4(승)-B3(대)
297,3,안국,E/S,5,1801-136,B2(대)-B3(대),X-14 기둥 뒤쪽 하행,B2(대)-B3(대)
298,3,안국,E/S,6,1801-137,B3(대)-B2(대),X-14 기둥 뒤쪽 상행,B3(대)-B2(대)
299,3,안국,E/S,7,1801-138,B2(대)-B3(대),X-25 기둥 뒤쪽 하행,B2(대)-B3(대)
300,3,안국,E/S,8,1801-139,B3(대)-B2(대),X-25 기둥 뒤쪽 상행,B3(대)-B2(대)
301,3,안국,E/S,9,1808-579,지상-B1(대),5번출구 하행,지상-B1(대)
302,3,안국,E/S,10,1808-580,B1(대)-지상,5번출구 상행,B1(대)-지상
303,3,종로3가(3),E/S,1,1800-338,B2(1호선연결)-B4(3호선연결),3호선연결통로 하행,B2(1호선연결)-B4(3호선연결)
304,3,종로3가(3),E/S,2,1800-339,B4(3호선연결)-B2(1호선연결),1호선연결통로 상행,B4(3호선연결)-B2(1호선연결)
305,3,종로3가(3),E/S,3,1800-082,"B1-B3(3,5연결통로)","3,5연결통로 하행","B1-B3(3,5연결통로)"
306,3,종로3가(3),E/S,4,1800-083,"B3-B1(3,6,7,8출구방향)","3,5연결통로 상행","B3-B1(3,6,7,8출구방향)"
307,3,종로3가(3),E/S,5,1800-084,B1-B3(2-1출구),3호선연결통 하행,B1-B3(2-1출구)
308,3,종로3가(3),E/S,6,1800-085,"B1-B3(3,5연결통로)",,"B1-B3(3,5연결통로)"
309,3,을지로3가(3),E/S,1,1800-477,B3(승)-B2(대),하행 7-2,B3(승)-B2(대)
310,3,을지로3가(3),E/S,2,1801-129,B3(승)-B2(대),하행 4-4,B3(승)-B2(대)
311,3,동대입구,E/S,1,1801-711,지상-B2(대),6번출구 하행,지상-B2(대)
312,3,동대입구,E/S,2,1801-712,B2(대)-지상,6번출구 상행,B2(대)-지상
313,3,동대입구,E/S,3,1810-107,지상-B1(대),5번출구 하행,지상-B1(대)
314,3,동대입구,E/S,4,1810-108,B1(대)-지상,5번출구 상행,B1(대)-지상
315,3,약수,E/S,1,1801-061,지상-B1(대),5번출구 하행,지상-B1(대)
316,3,약수,E/S,2,1801-060,B1(대)-지상,5번출구 상행,B1(대)-지상
317,3,금호,E/S,1,1800-224,지상-B1(대),2번출구 하행,지상-B1(대)
318,3,금호,E/S,2,1801-394,B1(대)-지상,2번출구 상행,B1(대)-지상
319,3,금호,E/S,3,1807-016,지상-B1(대),3번출구 하행,지상-B1(대)
320,3,금호,E/S,4,1807-015,B1(대)-지상,3번출구 상행,B1(대)-지상
321,3,옥수,E/S,1,1806-299,2(대)-지상,4번출구 하행,2(대)-지상
322,3,옥수,E/S,2,1806-300,지상-2(대),4번출구 상행,지상-2(대)
323,3,압구정,E/S,1,1809-342,지상-B1(대),1번출구 하행,지상-B1(대)
324,3,압구정,E/S,2,1809-343,B1(대)-지상,1번출구 상행,B1(대)-지상
325,3,압구정,E/S,3,1809-341,B1(대)-지상,5번출구 상행,B1(대)-지상
326,3,압구정,E/S,4,1811-389,중층-B2(건물),3번출구 하행,3번출구 하행
327,3,압구정,E/S,5,1811-390,B2(건물)-중층,3번출구 상행,3번출구 상행
328,3,압구정,E/S,6,1811-392,중층-1,3번출구 하행,3번출구 하행
329,3,압구정,E/S,7,1811-391,1-중층,3번출구 상행,3번출구 상행
330,3,압구정,E/S,13,1811-449,B1(대)-지상,6번출구 상행,6번출구 상행
331,3,압구정,E/S,14,1811-450,B1(대)-지상,6번출구 하행,6번출구 하행
332,3,신사,E/S,1,1809-339,지상-B1(대),8번출구 하행,지상-B1(대)
333,3,신사,E/S,2,1809-340,B1(대)-지상,8번출구 상행,B1(대)-지상
334,3,신사,E/S,3,1802-051,B1(대)-B1(대),5번출구 하행,B1(대)-B1(대)
335,3,신사,E/S,4,1802-052,B1(대)-B1(대),5번출구 상행,B1(대)-B1(대)
336,3,신사,E/S,5,1802-053,지상-B1(대),5번출구 하행,지상-B1(대)
337,3,신사,E/S,6,1802-054,B1(대)-지상,5번출구 상행,B1(대)-지상
338,3,고속터미널,E/S,1,1802-099,B2(대)-B3(승),상행 2-3,B2(대)-B3(승)
339,3,고속터미널,E/S,2,1802-100,B3(승)-B2(대),상행 2-3,B3(승)-B2(대)
340,3,고속터미널,E/S,3,1802-101,B2(대)-B3(승),상행 4-3,B2(대)-B3(승)
341,3,고속터미널,E/S,4,1802-102,B3(승)-B2(대),상행 4-3,B3(승)-B2(대)
342,3,고속터미널,E/S,5,1802-103,B2(대)-B3(승),상행 7-2,B2(대)-B3(승)
343,3,고속터미널,E/S,6,1802-287,B3(승)-B2(대),상행 7-2,B3(승)-B2(대)
344,3,고속터미널,E/S,7,1802-288,B2(대)-B3(승),상행 9-2,B2(대)-B3(승)
345,3,고속터미널,E/S,8,1802-289,B3(승)-B2(대),상행 9-2,B3(승)-B2(대)
346,3,고속터미널,E/S,9,1802-290,B2(대)-B3(승),하행 2-3,B2(대)-B3(승)
347,3,고속터미널,E/S,10,1802-106,B3(승)-B2(대),하행 2-3,B3(승)-B2(대)
348,3,고속터미널,E/S,11,1802-291,B2(대)-B3(승),하행 4-3,B2(대)-B3(승)
349,3,고속터미널,E/S,12,1802-292,B3(승)-B2(대),하행 4-3,B3(승)-B2(대)
350,3,고속터미널,E/S,13,1802-107,B2(대)-B3(승),하행 7-2,B2(대)-B3(승)
351,3,고속터미널,E/S,14,1802-108,B3(승)-B2(대),하행 7-2,B3(승)-B2(대)
352,3,고속터미널,E/S,15,1802-104,B2(대)-B3(승),하행 9-2,B2(대)-B3(승)
353,3,고속터미널,E/S,16,1802-105,B3(승)-B2(대),하행 9-2,B3(승)-B2(대)
354,3,고속터미널,E/S,17,1809-326,B1(대)-B2(대),X-20 기둥 우측,B1(대)-B2(대)
355,3,고속터미널,E/S,18,1809-327,B2(대)-B1(대),X-20 기둥 우측,B2(대)-B1(대)
356,3,고속터미널,E/S,19,1802-109,B1(대)-B2(대),X-22 기둥 좌측,B1(대)-B2(대)
357,3,고속터미널,E/S,20,1802-110,B2(대)-B1(대),X-22 기둥 좌측,B2(대)-B1(대)
358,3,고속터미널,E/S,21,1809-328,B1(대)-B2(대),X-22 기둥 우측,B1(대)-B2(대)
359,3,고속터미널,E/S,22,1809-329,B2(대)-B1(대),X-22 기둥 우측,B2(대)-B1(대)
360,3,고속터미널,E/S,23,1809-338,B1(대)-B2(대),X-20 기둥 좌측,B1(대)-B2(대)
361,3,고속터미널,E/S,24,1802-111,B2(대)-B1(대),X-20 기둥 좌측,B2(대)-B1(대)
362,3,교대(3),E/S,1,1809-330,B2(대)-B3(승),하행 8-3,B2(대)-B3(승)
363,3,교대(3),E/S,2,1809-331,B3(승)-B2(대),상행 3-2,B3(승)-B2(대)
364,3,남부터미널,E/S,1,1802-115,지상-B1(대),6번출구 하행,지상-B1(대)
365,3,남부터미널,E/S,2,1802-116,B1(대)-지상,6번출구 상행,B1(대)-지상
366,3,양재,E/S,1,1802-398,지상-B1(대),5번출구 하행,지상-B1(대)
367,3,양재,E/S,2,1802-399,계단(X-27)-지상,5번출구 상행,계단(X-27)-지상
368,3,매봉,E/S,1,1807-907,지상-계단(X-11),4번출구 하행,지상-계단(X-11)
369,3,매봉,E/S,2,1807-908,계단(X-11)-지상,4번출구 상행,계단(X-11)-지상
370,3,매봉,E/S,3,1809-591,지상-B1(대),1번출구 하행,지상-B1(대)
371,3,매봉,E/S,4,1809-592,B1(대)-지상,1번출구 상행,B1(대)-지상
372,3,도곡,E/S,1,1807-846,B2(대)-B4(승),상행 4-1,B2(대)-B4(승)
373,3,도곡,E/S,2,1807-847,B4(승)-B2(대),상행 4-1,B4(승)-B2(대)
374,3,도곡,E/S,3,1807-913,B2(대)-B4(승),상행 7-4,B2(대)-B4(승)
375,3,도곡,E/S,4,1807-912,B4(승)-B2(대),상행 7-4,B4(승)-B2(대)
376,3,도곡,E/S,5,1807-915,B2(승)-B4(대),하행 4-1,B2(승)-B4(대)
377,3,도곡,E/S,6,1807-914,B4(대)-B2(승),하행 4-1,B4(대)-B2(승)
378,3,도곡,E/S,7,1807-848,B2(승)-B4(대),하행 7-4,B2(승)-B4(대)
379,3,도곡,E/S,8,1807-849,B4(대)-B2(승),하행 7-4,B4(대)-B2(승)
380,3,대치,E/S,1,1807-887,AD계단-B3(승),하행 10-4,AD계단-B3(승)
381,3,대치,E/S,2,1807-854,B3(승)-AD계단,상행 1-1,B3(승)-AD계단
382,3,대치,E/S,3,1807-855,BC계단-B3(승),상행 10-4,BC계단-B3(승)
383,3,대치,E/S,4,1807-888,B3(승)-B2(대),하행 1-1,B3(승)-B2(대)
384,3,대치,E/S,5,1810-043,지상-B1(대),4번출구 하행,지상-B1(대)
385,3,대치,E/S,6,1810-044,B1(대)-지상,4번출구 상행,B1(대)-지상
386,3,학여울,E/S,1,1809-355,B3(대)-B2(대),B3(대) 하행,B3(대)-B2(대)
387,3,학여울,E/S,2,1809-354,B2(대)-B3(대),B3(대) 상행,B2(대)-B3(대)
388,3,대청,E/S,1,1807-886,지상-B1(대),6번출구 하행,지상-B1(대)
389,3,대청,E/S,2,1807-885,B1(대)-지상,6번출구 상행,B1(대)-지상
390,3,대청,E/S,3,1811-189,지상-B1(대),3번출구 하행,지상-B1(대)
391,3,대청,E/S,4,1811-190,B1(대)-지상,3번출구 상행,B1(대)-지상
392,3,일원,E/S,1,1811-327,지상-B1(대),1번출구,지상-B1(대)
393,3,일원,E/S,2,1811-328,B1(대)-지상,1번출구,B1(대)-지상
394,3,일원,E/S,3,1811-301,B1(대)-지상,2번출구,B1(대)-지상
395,3,일원,E/S,4,1811-302,B1(대)-지상,3번출구,B1(대)-지상
396,3,일원,E/S,5,1811-319,,6번출구,
397,3,일원,E/S,6,1811-320,,6번출구,
398,3,수서,E/S,1,1802-119,지상-B1(대),1번출구 하행,지상-B1(대)
399,3,수서,E/S,2,1802-120,B1(대)-지상,1번출구 상행,B1(대)-지상
400,3,수서,E/S,3,1802-055,지상-B1(대),2번출구 하행,지상-B1(대)
401,3,수서,E/S,4,1802-056,B1(대)-지상,2번출구 상행,B1(대)-지상
402,3,수서,E/S,5,1802-117,지상-B1(대),6번출구 하행,지상-B1(대)
403,3,수서,E/S,6,1802-118,B1(대)-지상,6번출구 상행,B1(대)-지상
404,3,수서,E/S,7,1812-113,,,
405,3,수서,E/S,8,1812-114,,,
406,3,수서,E/S,9,1812-115,,,
407,3,수서,E/S,10,1812-116,,,
408,3,수서,E/S,11,1812-970,지상-B1(대),5번출구,지상-B1(대)
409,3,수서,E/S,12,1812-969,B1(대)-지상,6번출구,B1(대)-지상
410,3,가락시장,E/S,1,1809-395,B2(대)-B4(승),상행 4-4,B2(대)-B4(승)
411,3,가락시장,E/S,2,1809-396,B4(승)-B2(대),상행 4-4,B4(승)-B2(대)
412,3,가락시장,E/S,3,1809-397,B2(대)-B4(승),상행 6-3,B2(대)-B4(승)
413,3,가락시장,E/S,4,1809-398,B4(승)-B2(대),상행 6-3,B4(승)-B2(대)
414,3,가락시장,E/S,5,1809-399,B3(대)-B4(승),상행 8-3,B3(대)-B4(승)
415,3,가락시장,E/S,6,1809-400,B4(승)-B3(대),상행 8-3,B4(승)-B3(대)
416,3,가락시장,E/S,7,1808-601,B4(승)-B3(대),상행 9-4,B4(승)-B3(대)
417,3,가락시장,E/S,8,1808-602,B3(대)-B4(승),하행 2-1,B3(대)-B4(승)
418,3,가락시장,E/S,9,1808-603,B3(대)-B4(승),하행 3-2,B3(대)-B4(승)
419,3,가락시장,E/S,10,1808-604,B4(승)-B3(대),하행 3-2,B4(승)-B3(대)
420,3,가락시장,E/S,11,1808-605,B2(대)-B4(승),하행 5-2,B2(대)-B4(승)
421,3,가락시장,E/S,12,1808-606,B4(승)-B2(대),하행 5-2,B4(승)-B2(대)
422,3,가락시장,E/S,13,1808-607,B2(대)-B4(승),하행 7-1,B2(대)-B4(승)
423,3,가락시장,E/S,14,1808-608,B4(승)-B2(대),하행 7-1,B4(승)-B2(대)
424,3,가락시장,E/S,15,1808-609,B1(대)-B2(대),B2(대) 하행,B1(대)-B2(대)
425,3,가락시장,E/S,16,1808-610,B2(대)-B1(대),B2(대) 상행,B2(대)-B1(대)
426,3,가락시장,E/S,17,1808-611,B1(대)-B2(대),B2(대) 하행,B1(대)-B2(대)
427,3,가락시장,E/S,18,1808-612,B2(대)-B1(대),B2(대) 상행,B2(대)-B1(대)
428,3,가락시장,E/S,19,1808-613,지상-B1(대),7번출구 하행,지상-B1(대)
429,3,가락시장,E/S,20,1808-614,B1(대)-지상,7번출구 상행,B1(대)-지상
430,3,가락시장,E/S,21,1808-616,지상-B2(대),8번출구 하행,지상-B2(대)
431,3,가락시장,E/S,22,1808-615,B2(대)-지상,8번출구 상행,B2(대)-지상
432,3,경찰병원,E/S,1,1809-375,B1(대)-B2(승),상행 2-1,B1(대)-B2(승)
433,3,경찰병원,E/S,2,1809-376,B2(승)-B1(대),상행 2-1,B2(승)-B1(대)
434,3,경찰병원,E/S,3,1809-377,B1(대)-B2(승),상행 6-2,B1(대)-B2(승)
435,3,경찰병원,E/S,4,1809-378,B2(승)-B1(대),상행 6-2,B2(승)-B1(대)
436,3,경찰병원,E/S,5,1809-379,B1(대)-B2(승),상행 7-4,B1(대)-B2(승)
437,3,경찰병원,E/S,6,1809-380,B2(승)-B1(대),상행 7-4,B2(승)-B1(대)
438,3,경찰병원,E/S,7,1809-381,B1(대)-B2(승),하행 4-1,B1(대)-B2(승)
439,3,경찰병원,E/S,8,1809-382,B2(승)-B1(대),하행 4-1,B2(승)-B1(대)
440,3,경찰병원,E/S,9,1809-383,B1(대)-B2(승),하행 5-3,B1(대)-B2(승)
441,3,경찰병원,E/S,10,1809-384,B2(승)-B1(대),하행 5-3,B2(승)-B1(대)
442,3,경찰병원,E/S,11,1809-385,B1(대)-B2(승),하행 9-4,B1(대)-B2(승)
443,3,경찰병원,E/S,12,1809-386,B2(승)-B1(대),하행 9-4,B2(승)-B1(대)
444,3,경찰병원,E/S,13,1809-387,지상-B1(대),1번출구 하행,지상-B1(대)
445,3,경찰병원,E/S,14,1809-388,B1(대)-지상,1번출구 상행,B1(대)-지상
446,3,경찰병원,E/S,15,1809-389,지상-B1(대),2번출구 하행,지상-B1(대)
447,3,경찰병원,E/S,16,1809-390,B1(대)-지상,2번출구 상행,B1(대)-지상
448,3,경찰병원,E/S,17,1809-391,셔터(4-1)-B1(대),대합실 하행,셔터(4-1)-B1(대)
449,3,경찰병원,E/S,18,1809-392,B1(대)-셔터(4-1),대합실 상행,B1(대)-셔터(4-1)
450,3,경찰병원,E/S,19,1809-393,지상-셔터(3-1),3번출구 하행,지상-셔터(3-1)
451,3,경찰병원,E/S,20,1809-394,셔터(3-1)-지상,3번출구 상행,셔터(3-1)-지상
452,3,오금,E/S,1,1809-360,B2(대)-B3(승),상행 2-2,B2(대)-B3(승)
453,3,오금,E/S,2,1809-361,B3(승)-B2(대),상행 2-2,B3(승)-B2(대)
454,3,오금,E/S,3,1809-362,B1(대)-B3(승),상행 4-2,B1(대)-B3(승)
455,3,오금,E/S,4,1809-363,B3(승)-B1(대),상행 4-2,B3(승)-B1(대)
456,3,오금,E/S,5,1809-364,B3(승)-B2(대),상행 7-1,B3(승)-B2(대)
457,3,오금,E/S,6,1809-365,B3(승)-B2(대),하행 4-4,B3(승)-B2(대)
458,3,오금,E/S,7,1809-366,B1(대)-B3(승),하행 7-3,B1(대)-B3(승)
459,3,오금,E/S,8,1809-367,B3(승)-B1(대),하행 7-3,B3(승)-B1(대)
460,3,오금,E/S,9,1809-368,B2(대)-B3(승),하행 9-3,B2(대)-B3(승)
461,3,오금,E/S,10,1809-369,B3(승)-B2(대),하행 9-3,B3(승)-B2(대)
462,3,오금,E/S,11,1809-370,B1(대)-B2(대),환승 하행,B1(대)-B2(대)
463,3,오금,E/S,12,1809-371,B2(대)-B1(대),환승 상행,B2(대)-B1(대)
464,3,오금,E/S,13,1809-372,지상-셔터(1-1),1번출구 하행,지상-셔터(1-1)
465,3,오금,E/S,14,1809-373,셔터(1-1)-지상,1번출구 상행,셔터(1-1)-지상
466,3,오금,E/S,15,1809-374,B1(대)-셔터(2-1),2번출구 상행,B1(대)-셔터(2-1)
467,4,상계,E/S,,1810-581,1(지상)-2(대),1번출구측 상행,1(지상)-2(대)
468,4,상계,E/S,,1810-582,2(대)-1(지상),1번출구측 하행,2(대)-1(지상)
469,4,노원,E/S,1,1806-720,2(대)-1(지상),1번출구 하행,2(대)-1(지상)
470,4,노원,E/S,2,1803-067,1(지상)-2(대),1번출구 상행,1(지상)-2(대)
471,4,창동,E/S,1,1806-832,2(대)-1(지상),1번출구 하행,2(대)-1(지상)
472,4,창동,E/S,2,1806-842,1(지상)-2(대),1번출구 상행,1(지상)-2(대)
473,4,창동,E/S,,1810-584,,,
474,4,창동,E/S,,1810-585,,,
475,4,창동,E/S,,1810-586,,,
476,4,창동,E/S,,1810-587,,,
477,4,쌍문,E/S,1,1803-299,1(지상)-B1(대),4번출구 하행,1(지상)-B1(대)
478,4,쌍문,E/S,2,1803-300,B1(대)-1(지상),4번출구 상행,B1(대)-1(지상)
479,4,쌍문,E/S,3,1810-171,1(지상)-B1(대),2번출구 하행,1(지상)-B1(대)
480,4,쌍문,E/S,4,1810-172,B1(대)-1(지상),2번출구 상행,B1(대)-1(지상)
481,4,수유,E/S,1,1809-186,1(지상)-B1(대),3번출구 하행,1(지상)-B1(대)
482,4,수유,E/S,2,1809-187,B1(대)-1(지상),3번출구 상행,B1(대)-1(지상)
483,4,수유,E/S,3,1809-188,1(지상)-B1(대),8번출구 하행,1(지상)-B1(대)
484,4,수유,E/S,4,1809-189,B1(대)-1(지상),8번출구 상행,B1(대)-1(지상)
485,4,미아,E/S,1,1806-719,1(지상)-B1(대),3번출구 하행,1(지상)-B1(대)
486,4,미아,E/S,2,1806-718,B1(대)-1(지상),3번출구 상행,B1(대)-1(지상)
487,4,미아,E/S,3,1806-894,1(지상)-B1(대),1번출구 하행,1(지상)-B1(대)
488,4,미아,E/S,4,1806-895,B1(대)-1(지상),1번출구 상행,B1(대)-1(지상)
489,4,미아,E/S,5,1803-201,1(지상)-B1(대),6번출구 하행,1(지상)-B1(대)
490,4,미아,E/S,6,1803-202,B1(대)-1(지상),6번출구 상행,B1(대)-1(지상)
491,4,미아사거리,E/S,1,1806-716,1(지상)-B1(대),3번출구 하행,1(지상)-B1(대)
492,4,미아사거리,E/S,2,1806-717,B1(대)-1(지상),3번출구 상행,B1(대)-1(지상)
493,4,길음,E/S,1,1806-831,B1(대)-1(지상),2번출구 상행,B1(대)-1(지상)
494,4,길음,E/S,2,1803-356,1(지상)-B1(대),3번출구 하행,1(지상)-B1(대)
495,4,길음,E/S,3,1803-355,B1(대)-1(지상),3번출구 상행,B1(대)-1(지상)
496,4,성신여대입구,E/S,1,1803-354,1(지상)-B1(대),1번출구 상행,1(지상)-B1(대)
497,4,성신여대입구,E/S,2,1803-353,B1(대)-1(지상),1번출구 하행,B1(대)-1(지상)
498,4,성신여대입구,E/S,3,1806-697,B1(대)-지상,4번출구 상행,B1(대)-지상
499,4,성신여대입구,E/S,4,1810-583,지상-B1(대),4번출구 하행,지상-B1(대)
500,4,한성대입구,E/S,1,1809-931,1(지상)-B1(대),5번출구 하행,1(지상)-B1(대)
501,4,한성대입구,E/S,2,1809-932,B1(대)-1(지상),5번출구 상행,B1(대)-1(지상)
502,4,혜화,E/S,1,1800-166,1(지상)-B1(대),1번출구 하행,1(지상)-B1(대)
503,4,혜화,E/S,2,1800-165,B1(대)-1(지상),1번출구 상행,B1(대)-1(지상)
504,4,혜화,E/S,3,1810-099,1(지상)-B1(대),3번출구 하행,1(지상)-B1(대)
505,4,혜화,E/S,4,1810-100,B1(대)-1(지상),3번출구 상행,B1(대)-1(지상)
506,4,동대문(4),E/S,1,1801-111,B2(대)-B4(승),사당방향 하행 7-4,B2(대)-B4(승)
507,4,동대문(4),E/S,2,1801-112,B4(승)-B2(대),노원방향 상행 4-1,B4(승)-B2(대)
508,4,동대문(4),E/S,3,1801-113,B2(대)-B4(승),사당방향 하행 3-3,B2(대)-B4(승)
509,4,동대문(4),E/S,4,1801-114,B2(대)-B4(승),노원방향 상행 8-2,B2(대)-B4(승)
510,4,동대문(4),E/S,5,1800-340,B1(대)-B2(대),4호선연결 하행,B1(대)-B2(대)
511,4,동대문(4),E/S,6,1800-341,B2(대)-B1(대),1호선연결 상행,B2(대)-B1(대)
512,4,동대문(4),E/S,7,1808-172,지상-B1(대),8번출구 하행,지상-B1(대)
513,4,동대문(4),E/S,8,1808-173,B1(대)-지상,8번출구 상행,B1(대)-지상
514,4,동대문(4),E/S,9,1810-701,지상-B1(대),9번출구 하행,지상-B1(대)
515,4,동대문(4),E/S,10,1810-702,B1(대)-지상,9번출구 상행,B1(대)-지상
516,4,동대문역사문화공원(4),E/S,1,1801-576,B1(대)-B3(승),하행 8-3,B1(대)-B3(승)
517,4,동대문역사문화공원(4),E/S,2,1801-577,B3(승)-B1(대),상행 3-1,B3(승)-B1(대)
518,4,동대문역사문화공원(4),E/S,3,1800-474,B2(대)-B3(승),하행 5-2,B2(대)-B3(승)
519,4,동대문역사문화공원(4),E/S,4,1800-475,B3(승)-B2(대),상행 6-3,B3(승)-B2(대)
520,4,동대문역사문화공원(4),E/S,5,1808-987,B2(대)-B3(승),하행 2-4,B2(대)-B3(승)
521,4,동대문역사문화공원(4),E/S,6,1808-988,B3(승)-B2(대),상행 9-1,B3(승)-B2(대)
522,4,충무로(4),E/S,1,1808-128,B2(대)-B3(승),상행 4-2,B2(대)-B3(승)
523,4,충무로(4),E/S,2,1808-129,B3(승)-B2(대),상행 4-2,B3(승)-B2(대)
524,4,충무로(4),E/S,3,1808-130,B2(대)-B3(승),상행 6-3,B2(대)-B3(승)
525,4,충무로(4),E/S,4,1808-131,B3(승)-B2(대),상행 6-3,B3(승)-B2(대)
526,4,충무로(4),E/S,5,1808-132,B2(대)-B3(승),하행 5-2,B2(대)-B3(승)
527,4,충무로(4),E/S,6,1808-133,B3(승)-B2(대),하행 5-2,B3(승)-B2(대)
528,4,충무로(4),E/S,7,1808-134,B2(대)-B3(승),하행 7-2,B2(대)-B3(승)
529,4,충무로(4),E/S,8,1808-135,B3(승)-B2(대),하행 7-2,B3(승)-B2(대)
530,4,충무로(4),E/S,9,1808-136,B1(대)-B2(대),X-10 기둥 우측,B1(대)-B2(대)
531,4,충무로(4),E/S,10,1808-137,B2(대)-B1(대),X-10 기둥 우측,B2(대)-B1(대)
532,4,충무로(4),E/S,11,1808-138,B1(대)-B2(대),X-27 기둥 좌측,B1(대)-B2(대)
533,4,충무로(4),E/S,12,1808-139,B2(대)-B1(대),X-27 기둥 좌측,B2(대)-B1(대)
534,4,충무로(4),E/S,13,1808-140,B1(대)-B2(대),X-27 기둥 우측,B1(대)-B2(대)
535,4,충무로(4),E/S,14,1808-141,B2(대)-B1(대),X-27 기둥 우측,B2(대)-B1(대)
536,4,충무로(4),E/S,15,1808-142,B1(대)-B2(대),X-10 기둥 좌측,B1(대)-B2(대)
537,4,충무로(4),E/S,16,1808-143,B2(대)-B1(대),X-10 기둥 좌측,B2(대)-B1(대)
538,4,충무로(4),E/S,17,1800-486,B4(3호선)-B2(대),3호선환승(휠체어) 좌측,B4(3호선)-B2(대)
539,4,충무로(4),E/S,18,1800-487,B4(3호선)-B2(대),3호선환승(휠체어) 좌측,B4(3호선)-B2(대)
540,4,충무로(4),E/S,19,1801-479,B2(대)-B4(3호선),3호선환승(휠체어) 우측,B2(대)-B4(3호선)
541,4,충무로(4),E/S,20,1801-409,B4(3호선)-B2(대),3호선환승(휠체어) 우측,B4(3호선)-B2(대)
542,4,충무로(4),E/S,21,1806-330,지상-B1(대),1번출구 하행,지상-B1(대)
543,4,충무로(4),E/S,22,1806-329,B1(대)-지상,1번출구 상행,B1(대)-지상
544,4,명동,E/S,1,1800-724,B2(대)-A계단(승),A계단 옆,B2(대)-A계단(승)
545,4,명동,E/S,2,1801-053,A계단(승)-B2(대),A계단 옆,A계단(승)-B2(대)
546,4,명동,E/S,3,1800-725,B2(대)-B계단(승),B계단 옆,B2(대)-B계단(승)
547,4,명동,E/S,4,1801-054,B계단(승)-B2(대),B계단 옆,B계단(승)-B2(대)
548,4,명동,E/S,5,1810-714,지상-B1(대),3번출구 하행,지상-B1(대)
549,4,명동,E/S,6,1810-715,B1(대)-지상,3번출구 상행,B1(대)-지상
550,4,회현,E/S,1,1801-681,B2(대)-A계단(승),A계단 옆,B2(대)-A계단(승)
551,4,회현,E/S,2,1801-682,A계단(승)-B2(대),A계단 옆,A계단(승)-B2(대)
552,4,회현,E/S,3,1801-683,B2(대)-B4(승),상행 6-4,B2(대)-B4(승)
553,4,회현,E/S,4,1801-684,B4(승)-B2(대),하행 4-4,B4(승)-B2(대)
554,4,회현,E/S,5,1801-685,B2(대)-B4(승),하행 1-4,B2(대)-B4(승)
555,4,회현,E/S,6,1801-686,B4(승)-B2(대),상행 9-4,B4(승)-B2(대)
556,4,서울(4),E/S,1,1801-085,1호선 연결통로,사당방향 하행 10-4,1호선 연결통로
557,4,서울(4),E/S,2,1801-373,1호선 연결통로,당고개방향 상행 1-1,1호선 연결통로
558,4,서울(4),E/S,3,1801-348,지상-B1(연결통로),9-1번출구(교통섬) 하행,지상-B1(연결통로)
559,4,서울(4),E/S,4,1801-316,B1(연결통로)-지상,9-1번출구(교통섬) 상행,B1(연결통로)-지상
560,4,삼각지,E/S,1,1801-578,지상-B1(대),2번출구 하행,지상-B1(대)
561,4,삼각지,E/S,2,1801-579,B1(대)-지상,2번출구 상행,B1(대)-지상
562,4,삼각지,E/S,3,1801-580,지상-B1(대),5번출구 하행,지상-B1(대)
563,4,삼각지,E/S,4,1801-581,B1(대)-지상,5번출구 상행,B1(대)-지상
564,4,신용산,E/S,1,1800-495,지상-B1(대),5번출구 하행,지상-B1(대)
565,4,신용산,E/S,2,1800-496,B1(대)-지상,5번출구 상행,B1(대)-지상
566,4,신용산,E/S,3,1810-471,B1(대)-지상,3번출구 상행,B1(대)-지상
567,4,신용산,E/S,4,1810-472,지상-B1(대),4번출구 하행,지상-B1(대)
568,4,신용산,E/S,5,1810-473,B1(대)-지상,4번출구 상행,B1(대)-지상
569,4,신용산,E/S,6,1813-881,지상-B1(대),1번출구,지상-B1(대)
570,4,신용산,E/S,7,1813-882,B1(대)-지상,1번출구,B1(대)-지상
571,4,신용산,E/S,8,1813-883,지상-B1(대),1번출구,지상-B1(대)
572,4,신용산,E/S,9,1813-884,B1(대)-지상,1번출구,B1(대)-지상
573,4,이촌,E/S,1,1808-990,지상-B1(대),1번출구 하행,지상-B1(대)
574,4,이촌,E/S,2,1808-989,B1(대)-지상,1번출구 상행,B1(대)-지상
575,4,이촌,E/S,3,1801-719,지상-B1(대),2번출구 하행,지상-B1(대)
576,4,이촌,E/S,4,1801-720,B1(대)-지상,2번출구 상행,B1(대)-지상
577,4,총신대입구,E/S,1,1807-713,지상-B1(대),14번출구 하행,지상-B1(대)
578,4,총신대입구,E/S,2,1807-714,B1(대)-지상,14번출구 상행,B1(대)-지상
579,4,총신대입구,E/S,3,1810-310,지상-B1(대),1번출구 하행,지상-B1(대)
580,4,총신대입구,E/S,4,1810-309,B1(대)-지상,1번출구 상행,B1(대)-지상
581,4,사당(4),E/S,1,1804-715,B3(승)-B2(승),하행 1-1,B3(승)-B2(승)
582,4,사당(4),E/S,2,1808-282,지상-B1(대),4번출구 하행,지상-B1(대)
583,4,사당(4),E/S,3,1808-281,B1(대)-지상,4번출구 상행,B1(대)-지상
584,4,사당(4),E/S,4,1804-714,지상-B1(대),9번출구 하행,지상-B1(대)
585,4,사당(4),E/S,5,1804-713,B1(대)-지상,9번출구 상행,B1(대)-지상
586,4,사당(4),E/S,6,1807-301,지상-B1(대),3번출구 하행,지상-B1(대)
587,4,사당(4),E/S,7,1808-283,B1(대)-지상,3번출구 상행,B1(대)-지상
588,4,남태령,E/S,1,1802-114,B2(대)-B3(승),하행 3-2,B2(대)-B3(승)
589,4,남태령,E/S,2,1802-113,B3(승)-B2(대),상행 8-3,B3(승)-B2(대)
590,5,김포공항,E/S,1,1808-085,B2-B3,내부,상/시점(B3)-대(B2)
591,5,김포공항,E/S,2,1808-086,B2-B3,내부,상/시점(B3)-대(B2)
592,5,김포공항,E/S,3,1808-087,B2-B3,내부,하/시점(B3)-대(B2)
593,5,김포공항,E/S,4,1808-088,B2-B3,내부,하/시점(B3)-대(B2)
594,5,김포공항,E/S,5,1808-089,B2-B3,내부,상/종점(B3)-대(B2)
595,5,김포공항,E/S,6,1808-090,B2-B3,내부,상/종점(B3)-대(B2)
596,5,김포공항,E/S,7,1808-091,B2-B3,내부,하/종점(B3)-대(B2)
597,5,김포공항,E/S,8,1808-092,B2-B3,내부,하/종점(B3)-대(B2)
598,5,김포공항,E/S,9,1808-428,F1-B1,외부,대합(B1)-지상(#3 출구 뒤)
599,5,김포공항,E/S,10,1808-427,F1-B1,외부,대합(B1)-지상(#3 출구 뒤)
600,5,송정,E/S,1,1808-093,B1-B2,내부,대합(B2)-대합(B1)
601,5,송정,E/S,2,1808-094,B1-B2,내부,대합(B2)-대합(B1)
602,5,송정,E/S,3,1808-095,F1-B1,외부,대합(B1)-지상(#4 출구)
603,5,송정,E/S,4,1808-096,F1-B1,외부,대합(B1)-지상(#4 출구)
604,5,마곡,E/S,1,1807-781,F1-B1,외부,대합(B1)-지상(#1 출구)
605,5,마곡,E/S,2,1807-782,F1-B1,외부,대합(B1)-지상(#1 출구)
606,5,마곡,E/S,3,1807-783,F1-B1,외부,대합(B1)-지상(#7 출구)
607,5,마곡,E/S,4,1807-784,F1-B1,외부,대합(B1)-지상(#7 출구)
608,5,마곡,E/S,5,1807-785,F1-B1,외부,대합(B1)-지상(#6 출구)
609,5,마곡,E/S,6,1807-786,F1-B1,외부,대합(B1)-지상(#6 출구)
610,5,마곡,E/S,7,1814-757,F1-B1,외부,대합(B1)-지상(#3 출구)
611,5,마곡,E/S,8,1814-758,F1-B1,외부,대합(B1)-지상(#3 출구)
612,5,마곡,E/S,9,1814-759,F1-B1,외부,대합(B1)-지상(#4 출구)
613,5,마곡,E/S,10,1814-760,F1-B1,외부,대합(B1)-지상(#4 출구)
614,5,마곡,E/S,11,1814-761,F1-B1,외부,대합(B1)-지상(#5 출구)
615,5,마곡,E/S,12,1814-762,F1-B1,외부,대합(B1)-지상(#6 출구)
616,5,우장산,E/S,1,1808-083,F1-B1,외부,대합(B1)-지상(#1 출구)
617,5,우장산,E/S,2,1808-084,F1-B1,외부,대합(B1)-지상(#2 출구)
618,5,우장산,E/S,3,1807-191,F1-B1,외부,대합(B1)-지상(#3 출구)
619,5,우장산,E/S,4,1807-192,F1-B1,외부,대합(B1)-지상(#3 출구)
620,5,화곡,E/S,1,1810-191,BM1-B1,내부,대합(B2)-대합(B1)
621,5,화곡,E/S,2,1810-192,BM1-B1,내부,대합(B2)-대합(B1)
622,5,화곡,E/S,3,1810-193,F1-B1,외부,대합(B1)-지상(#3 출구)
623,5,화곡,E/S,4,1810-194,F1-B1,외부,대합(B1)-지상(#3 출구)
624,5,까치산,E/S,1,1807-670,B1-B5,내부,상/시점(B5)-대합(B1)
625,5,까치산,E/S,2,1807-671,B1-B5,내부,상/시점(B5)-대합(B1)
626,5,까치산,E/S,3,1808-073,B1-B5,내부,하/시점(B5)-대합(B1)
627,5,까치산,E/S,4,1808-074,B1-B5,내부,하/시점(B5)-대합(B1)
628,5,까치산,E/S,5,1807-711,B1-B5,내부,상/종점(B5)-대합(B1)
629,5,까치산,E/S,6,1807-712,B1-B5,내부,상/종점(B5)-대합(B1)
630,5,까치산,E/S,7,1808-077,B1-B5,내부,하/종점(B5)-대합(B1)
631,5,까치산,E/S,8,1808-078,B1-B5,내부,하/종점(B5)-대합(B1)
632,5,까치산,E/S,9,1808-079,F1-B1,외부,대합(B1)-지상(#1 출구)
633,5,까치산,E/S,10,1808-080,F1-B1,외부,대합(B1)-지상(#1 출구)
634,5,까치산,E/S,11,1804-466,F1-B1,외부,대합(B1)-지상(#3 출구 측)
635,5,까치산,E/S,12,1804-467,F1-B1,외부,대합(B1)-지상(#3 출구 측)
636,5,신정,E/S,1,1811-085,B2-B3,내부,상/시점(B3)-대합(B2)
637,5,신정,E/S,2,1811-086,B2-B3,내부,상/시점(B3)-대합(B2)
638,5,신정,E/S,3,1811-087,B2-B3,내부,하/시점(B3)-대합(B2)
639,5,신정,E/S,4,1811-088,B2-B3,내부,하/시점(B3)-대합(B2)
640,5,신정,E/S,5,1808-065,B2-B1,내부,시/대합(B2)-대합(B1)
641,5,신정,E/S,6,1808-066,B2-B1,내부,시/대합(B2)-대합(B1)
642,5,신정,E/S,7,1808-069,BM1-B1,내부,B1-BM1
643,5,신정,E/S,8,1808-070,BM1-B1,내부,B1-BM1
644,5,신정,E/S,9,1808-067,F1-BM1,외부,BM1-지상(#1 출구)
645,5,신정,E/S,10,1808-068,F1-BM1,외부,BM1-지상(#1 출구)
646,5,목동,E/S,1,1804-711,F1-B1,외부,대합(B1)-지상(#1 출구)
647,5,목동,E/S,2,1804-712,F1-B1,외부,대합(B1)-지상(#1 출구)
648,5,목동,E/S,3,1814-777,F1-B1,외부,F1-B1
649,5,목동,E/S,4,1814-778,B1-F1,외부,B1-F1
650,5,오목교,E/S,1,1808-058,BM1-B1,내부,대합(B1)-BM1(#3 출구 측)
651,5,오목교,E/S,2,1808-059,BM1-B1,내부,대합(B1)-BM1(#7 출구 측)
652,5,오목교,E/S,3,1808-060,BM1-B1,내부,B1-BM1
653,5,오목교,E/S,4,1804-416,B1-B2,내부,하/대합(B2)-대합(B1)
654,5,오목교,E/S,5,1804-417,B1-B2,내부,하/대합(B2)-대합(B1)
655,5,오목교,E/S,6,1804-418,BM1-B1,내부,B1-BM1
656,5,오목교,E/S,7,1809-956,B2-B3,내부,승강장(B3)-대합(B2)
657,5,오목교,E/S,8,1809-957,B2-B3,내부,승강장(B3)-대합(B2)
658,5,오목교,E/S,9,1809-958,B2-B3,내부,승강장(B3)-대합(B2)
659,5,오목교,E/S,10,1809-959,B2-B3,내부,승강장(B3)-대합(B2)
660,5,오목교,E/S,,,,외부,
661,5,오목교,E/S,,,,외부,
662,5,양평,E/S,1,1808-097,B1-B3,내부,중앙(B3)-대합(B1)
663,5,양평,E/S,2,1808-098,B1-B3,내부,중앙(B3)-대합(B1)
664,5,양평,E/S,3,1808-099,B1-B3,내부,중앙(B3)-대합(B1)
665,5,양평,E/S,4,1808-100,B1-B3,내부,중앙(B3)-대합(B1)
666,5,양평,E/S,5,1804-419,F1-BM1,외부,BM1-지상(#2 출구)
667,5,양평,E/S,6,1804-420,F1-BM1,외부,BM1-지상(#2 출구)
668,5,양평,E/S,7,1812-613,B3-B4,내부,
669,5,양평,E/S,8,1812-614,B3-B4,내부,
670,5,영등포구청,E/S,1,1808-371,B1-B3,내부,주차장(B3)-대합(B1)
671,5,영등포구청,E/S,2,1808-372,B1-B3,내부,주차장(B3)-대합(B1)
672,5,영등포구청,E/S,3,1808-373,B1-B3,내부,주차장(B3)-대합(B1)
673,5,영등포구청,E/S,4,1808-374,B1-B3,내부,주차장(B3)-대합(B1)
674,5,영등포구청,E/S,5,1804-456,B1-B4,내부,환/대합(B4)-환승(B1)
675,5,영등포구청,E/S,6,1804-457,B1-B4,내부,환/대합(B4)-환승(B1)
676,5,영등포구청,E/S,7,1804-458,B1-B4,내부,환/대합(B4)-환승(B1)
677,5,영등포구청,E/S,8,1808-284,B4-B5,내부,시/승강(B5)-대합(B4)
678,5,영등포구청,E/S,9,1808-285,B4-B5,내부,시/승강(B5)-대합(B4)
679,5,영등포구청,E/S,10,1808-375,B4-B5,내부,종/승강(B5)-대합(B4)
680,5,영등포구청,E/S,11,1808-376,F1-B1,외부,대합(B1)-지상(#7 출구)
681,5,영등포구청,E/S,12,1808-377,F1-B1,외부,대합(B1)-지상(#7 출구)
682,5,영등포구청,E/S,13,1812-609,B3-B4,내부,
683,5,영등포구청,E/S,14,1812-610,B3-B4,내부,
684,5,영등포시장,E/S,1,1804-459,B3-B5,내부,중앙/대합(B5)-대합(B3)
685,5,영등포시장,E/S,2,1804-460,B3-B5,내부,중앙/대합(B5)-대합(B3)
686,5,영등포시장,E/S,3,1809-955,B1-B2,내부,대합(B2)-대합(B1)
687,5,영등포시장,E/S,4,1809-954,B1-B2,내부,대합(B2)-대합(B1)
688,5,영등포시장,E/S,5,1809-960,B2-B3,내부,대합(B3)-대합(B2)
689,5,영등포시장,E/S,6,1809-961,B2-B3,내부,대합(B3)-대합(B2)
690,5,영등포시장,E/S,7,1814-607,F1-B1,외부,대합(B1)-지상(#2 출구)
691,5,영등포시장,E/S,8,1814-608,F1-B1,외부,대합(B1)-지상(#2 출구)
692,5,신길,E/S,1,1804-421,F1-B3,외부,대합(B3)-지상(#3 출구)
693,5,신길,E/S,2,1804-422,F1-B3,외부,대합(B3)-지상(#3 출구)
694,5,신길,E/S,3,1804-423,B1(환승)-B3,내부,5환승(B3)-1환승(B1)
695,5,신길,E/S,4,1804-424,B1(환승)-B3,내부,5환승(B3)-1환승(B1)
696,5,신길,E/S,5,1804-425,B1(환승)-B3,내부,5환승(B3)-1환승(B1)
697,5,신길,E/S,6,1804-426,B1(환승)-B3,내부,5환승(B3)-1환승(B1)
698,5,신길,E/S,7,1804-427,B3-B4,내부,하/시/승강(B4)-환승(B3)
699,5,신길,E/S,8,1804-428,B3-B4,내부,하/시/승강(B4)-환승(B3)
700,5,신길,E/S,9,1804-429,B3-B4,내부,상/종/승강(B4)-환승(B3)
701,5,여의도,E/S,1,1804-452,B1-B3,내부,중앙(B3)-대합(B1)
702,5,여의도,E/S,2,1804-453,B1-B3,내부,중앙(B3)-대합(B1)
703,5,여의도,E/S,3,1804-454,B1-B3,내부,중앙(B3)-대합(B1)
704,5,여의도,E/S,4,1804-455,B1-B3,내부,중앙(B3)-대합(B1)
705,5,여의나루,E/S,1,1808-383,B2-B4,내부,중앙(B4)-대합(B2)
706,5,여의나루,E/S,2,1808-384,B2-B4,내부,중앙(B4)-대합(B2)
707,5,여의나루,E/S,3,1808-385,B2-B4,내부,중앙(B4)-대합(B2)
708,5,여의나루,E/S,4,1808-386,B2-B4,내부,중앙(B4)-대합(B2)
709,5,여의나루,E/S,5,1808-379,B1-B2,내부,중앙(B3)-대합(B1)
710,5,여의나루,E/S,6,1808-378,B1-B2,내부,중앙(B3)-대합(B1)
711,5,여의나루,E/S,7,1808-380,BM1-B1,내부,대합(B1)-BM1
712,5,여의나루,E/S,8,1808-381,BM1-B1,내부,대합(B1)-BM1
713,5,여의나루,E/S,9,1808-382,BM1-B1,내부,대합(B1)-BM1
714,5,여의나루,E/S,10,1808-296,F1-BM1,외부,BM1-지상(#4 출구)
715,5,여의나루,E/S,11,1808-297,F1-BM1,외부,BM1-지상(#4 출구)
716,5,마포,E/S,1,1808-186,B1-B3,내부,대합(B1)-B3(중앙)
717,5,마포,E/S,2,1808-187,B1-B3,내부,대합(B1)-B3(중앙)
718,5,마포,E/S,3,1800-849,B1-B3,내부,대합(B1)-B3(중앙)
719,5,마포,E/S,4,1800-850,B1-B3,내부,대합(B1)-B3(중앙)
720,5,마포,E/S,5,1800-568,F1-B1,외부,대합(B1)-지상(#2 출구)
721,5,마포,E/S,6,1800-569,F1-B1,외부,대합(B1)-지상(#2 출구)
722,5,마포,E/S,7,1801-001,B3-B4(DN),내부,대합(B4)-중앙(B3)
723,5,마포,E/S,8,1801-002,B3-B4(UP),내부,대합(B4)-중앙(B3)
724,5,마포,E/S,9,1800-848,F1-B1(UP),외부,대합(B1)-지상(#3 출구)
725,5,마포,E/S,10,1800-847,F1-B1(DN),외부,대합(B1)-지상(#3 출구)
726,5,공덕,E/S,1,1808-903,B2-B3(환승통로),내부,중앙/승강(B3)-6(종)환승(B2)
727,5,공덕,E/S,2,1808-904,B2-B3(환승통로),내부,중앙/승강(B3)-6(종)환승(B2)
728,5,공덕,E/S,3,1808-905,B2-B3(환승통로),내부,중앙/승강(B3)-6(시)환승(B2)
729,5,공덕,E/S,4,1808-906,B2-B3(환승통로),내부,중앙/승강(B3)-6(시)환승(B2)
730,5,공덕,E/S,5,1800-482,"B1,B2",내부,시/대(B2)-시/대(B1)
731,5,공덕,E/S,6,1800-483,"B1,B2",내부,시/대(B2)-시/대(B1)
732,5,공덕,E/S,7,1808-907,"B1,B2",내부,종/대(B2)-종/대(B1)
733,5,공덕,E/S,8,1808-908,"B1,B2",내부,종/대(B2)-종/대(B1)
734,5,공덕,E/S,9,1808-909,F1-B1,외부,대합(B1)-지상(#4 출구)
735,5,공덕,E/S,10,1808-910,F1-B1,외부,대합(B1)-지상(#4 출구)
736,5,공덕,E/S,11,1808-911,BM1-B1,내부,대합(B1)-BM1(#2 출구측)
737,5,애오개,E/S,1,1800-593,B1-B3,내부,대(B3)-대(B1)
738,5,애오개,E/S,2,1800-594,B1-B3,내부,대(B3)-대(B1)
739,5,애오개,E/S,3,1810-123,B1-B3,내부,대(B3)-대(B1)
740,5,애오개,E/S,4,1810-124,B1-B3,내부,대(B3)-대(B1)
741,5,애오개,E/S,5,1808-126,F1-B1,외부,BM1-지상(#4 출구)
742,5,애오개,E/S,6,1808-127,F1-B1,외부,BM1-지상(#4 출구)
743,5,충정로,E/S,1,1800-576,B2-B4,내부,대합(B2)-대합(B4)
744,5,충정로,E/S,2,1800-577,B2-B4,내부,대합(B2)-대합(B4)
745,5,충정로,E/S,3,1800-578,B2-B4,내부,대합(B2)-대합(B4)
746,5,충정로,E/S,4,1800-579,B2-B4,내부,대합(B2)-대합(B4)
747,5,충정로,E/S,5,,F1-BM1,외부,BM1-지상(#7 출구)
748,5,충정로,E/S,6,,F1-BM1,외부,BM1-지상(#7 출구)
749,5,서대문,E/S,1,1800-347,B1-B3,내부,대합(B3)-대합(B1)
750,5,서대문,E/S,2,1800-348,B1-B3,내부,대합(B3)-대합(B1)
751,5,서대문,E/S,3,1800-349,B1-B3,내부,대합(B3)-대합(B1)
752,5,서대문,E/S,4,1800-350,B1-B3,내부,대합(B3)-대합(B1)
753,5,서대문,E/S,5,1801-032,F1-BM1,외부,BM1-지상(#6 출구)
754,5,서대문,E/S,6,1801-033,F1-BM1,외부,BM1-지상(#6 출구)
755,5,서대문,E/S,7,1800-484,F1-B1,외부,B1-지상(#5 출구)
756,5,서대문,E/S,8,1800-485,F1-B1,외부,B1-지상(#5 출구)
757,5,서대문,E/S,9,1810-574,F1-B1,외부,B1-지상(#4 출구)
758,5,서대문,E/S,10,1810-573,F1-B1,외부,B1-지상(#4 출구)
759,5,광화문,E/S,1,1800-311,B2-B3,내부,중앙/승강(B3)-대합(B2)
760,5,광화문,E/S,2,1800-312,B2-B3,내부,중앙/승강(B3)-대합(B2)
761,5,광화문,E/S,3,1800-313,B1-B2,내부,중앙/대합(B2)-대합(B1)
762,5,광화문,E/S,4,1800-314,B1-B2,내부,중앙/대합(B2)-대합(B1)
763,5,종로3가,E/S,1,1800-008,B3-B5,내부,중앙/승강(B5)-대합(B3)
764,5,종로3가,E/S,2,1800-009,B3-B5,내부,중앙/승강(B5)-대합(B3)
765,5,종로3가,E/S,3,1800-010,B1-B3,내부,대합(B3)-대합(B1)
766,5,종로3가,E/S,4,1800-011,B1-B3,내부,대합(B3)-대합(B1)
767,5,종로3가,E/S,5,1800-012,B3-B4,내부,대합(B4)-환/대합(B3)
768,5,종로3가,E/S,6,1800-013,B3-B4,내부,대합(B4)-환/대합(B3)
769,5,종로3가,E/S,7,1800-014,B3-B4,내부,대합(B4)-환/대합(B3)
770,5,종로3가,E/S,8,1800-017,B3-B4,내부,대합(B4)-환/대합(B3)
771,5,종로3가,E/S,9,1800-015,F1-B1,외부,대합(B1)-지상(#4 출구)
772,5,종로3가,E/S,10,1800-016,F1-B1,외부,대합(B1)-지상(#4 출구)
773,5,을지로4가,E/S,1,1800-744,B2-B4,내부,대합(B4)-대합(B2)
774,5,을지로4가,E/S,2,1800-743,B2-B4,내부,대합(B4)-대합(B2)
775,5,을지로4가,E/S,3,1800-746,B2-B4,내부,대합(B4)-환승(B2)
776,5,을지로4가,E/S,4,1800-745,B2-B4,내부,대합(B4)-환승(B2)
777,5,을지로4가,E/S,5,1800-747,B3-B5,내부,중앙/승강(B5)-대합(B3)
778,5,을지로4가,E/S,6,1800-748,B3-B5,내부,중앙/승강(B5)-대합(B3)
779,5,을지로4가,E/S,7,1800-466,B1-B2,내부,대합(B2)-대합(B1)
780,5,을지로4가,E/S,8,1800-467,B1-B2,내부,대합(B2)-대합(B1)
781,5,을지로4가,E/S,9,1800-468,B2-B3,내부,대합(B3)-환승(B2)
782,5,을지로4가,E/S,10,1809-477,F1-BM1,외부,BM1-지상(#4 출구)
783,5,을지로4가,E/S,11,1809-478,F1-BM1,외부,BM1-지상(#4 출구)
784,5,동대문역사문화공원,E/S,1,1808-962,B2-B4,내부,대합(B4)-대합(B2)
785,5,동대문역사문화공원,E/S,2,1808-963,B2-B4,내부,대합(B4)-대합(B2)
786,5,동대문역사문화공원,E/S,3,1808-964,B2-B4,내부,BM4-대합(B2)
787,5,동대문역사문화공원,E/S,4,1808-965,B2-B4,내부,BM4-대합(B2)
788,5,동대문역사문화공원,E/S,5,1808-966,B2-B4,내부,BM4-대합(B2)
789,5,신금호,E/S,1,1808-967,B5-B8,내부,중앙/승강(B8)-대합(B5)
790,5,신금호,E/S,2,1808-968,B5-B8,내부,중앙/승강(B8)-대합(B5)
791,5,신금호,E/S,3,1808-969,B2-B5,내부,대합(B5)-대합(B2)
792,5,신금호,E/S,4,1808-970,B2-B5,내부,대합(B5)-대합(B2)
793,5,신금호,E/S,5,1809-945,B1-B2,내부,대합(B2)-대합(B1)
794,5,신금호,E/S,6,1809-946,B1-B2,내부,대합(B2)-대합(B1)
795,5,신금호,E/S,7,1812-438,F1-B1,외부,대합(B1)-지상(#1 출구)
796,5,신금호,E/S,8,1812-439,F1-B1,외부,대합(B1)-지상(#1 출구)
797,5,신금호,E/S,9,1812-440,F1-B1,외부,대합(B1)-지상(#2 출구)
798,5,신금호,E/S,10,1812-441,F1-B1,외부,대합(B1)-지상(#2 출구)
799,5,신금호,E/S,11,1812-507,B1-F1,외부,대합(B1)-지상(#7 출구)
800,5,신금호,E/S,12,1812-508,F1-B1,외부,대합(B1)-지상(#7 출구)
801,5,행당,E/S,1,1808-971,B1-B3,내부,대합(B3)-대합(B1)
802,5,행당,E/S,2,1808-972,B1-B3,내부,대합(B3)-대합(B1)
803,5,행당,E/S,3,1809-471,F1-B1,외부,대합(B1)-지상(#1 출구)
804,5,행당,E/S,4,1809-472,F1-B1,외부,대합(B1)-지상(#1 출구)
805,5,행당,E/S,5,1808-973,B3-B4,내부,BM4-대합(B3)
806,5,행당,E/S,6,1808-974,B3-B4,내부,BM4-대합(B3)
807,5,행당,E/S,7,1809-473,F1-B1,외부,대합(B1)-지상(#4 출구)
808,5,행당,E/S,8,1809-474,F1-B1,외부,대합(B1)-지상(#4 출구)
809,5,왕십리,E/S,1,1800-560,B2-B4,내부,대합(B4)-대합(B2)
810,5,왕십리,E/S,2,1800561,B2-B4,내부,대합(B4)-대합(B2)
811,5,왕십리,E/S,3,1800-562,B2-B4,내부,대합(B4)-대합(B2)
812,5,왕십리,E/S,4,1800-563,B2-B4,내부,대합(B4)-대합(B2)
813,5,왕십리,E/S,5,1800-564,B2-B4,내부,대합(B4)-환승(B2)
814,5,왕십리,E/S,6,1800-565,B2-B4,내부,대합(B4)-환승(B2)
815,5,왕십리,E/S,7,1800-566,B2-B4,내부,대합(B4)-환승(B2)
816,5,왕십리,E/S,8,1800-567,B2-B4,내부,대합(B4)-환승(B2)
817,5,마장,E/S,1,1800-689,F1-B1,외부,BM1-지상(#4 출구)
818,5,마장,E/S,2,1800-690,F1-B1,외부,BM1-지상(#4 출구)
819,5,마장,E/S,3,1800-878,B1-B2,내부,BM2-대합(B1)
820,5,마장,E/S,4,1800-877,B1-B2,내부,BM2-대합(B1)
821,5,답십리,E/S,1,1800-469,F1-B1,외부,대합(B1)-지상(#1 출구)
822,5,답십리,E/S,2,1800-476,F1-B1,외부,대합(B1)-지상(#1 출구)
823,5,답십리,E/S,3,1809-476,F1-BM1,외부,BM1-지상(#5 출구)
824,5,답십리,E/S,4,1809-475,F1-BM1,외부,BM1-지상(#5 출구)
825,5,장한평,E/S,1,1803-265,B1-B2,내부,대합(B2)-대합(B1)
826,5,장한평,E/S,2,1803-266,B1-B2,내부,대합(B2)-대합(B1)
827,5,장한평,E/S,3,1809-107,F1-B1,외부,BM1-지상(#3 출구)
828,5,장한평,E/S,4,1809-106,F1-B1,외부,BM1-지상(#3 출구)
829,5,군자,E/S,1,1802-499,F1-BM1,외부,BM1-지상(#5 출구)
830,5,군자,E/S,2,1802-500,F1-BM1,외부,BM1-지상(#5 출구)
831,5,군자,E/S,3,1808-589,F1-BM1,외부,대합(BM1)-지상(#4 출구)
832,5,군자,E/S,4,1808-590,F1-BM1,외부,대합(BM1)-지상(#4 출구)
833,5,군자,E/S,5,1811-760,B1-F1,,대합(B1)-지상(F1)
834,5,군자,E/S,6,1811-761,F1-B1,,지상(F1)-대합(B1)
835,5,아차산,E/S,1,1803-348,F1-B1,외부,대합(B1)-지상(#1 출구)
836,5,아차산,E/S,2,1803-349,F1-B1,외부,대합(B1)-지상(#1 출구)
837,5,아차산,E/S,3,1809-087,B1-B2,내부,BM2-대합(B1)
838,5,아차산,E/S,4,1809-088,B1-B2,내부,BM2-대합(B1)
839,5,아차산,E/S,5,1809-085,F1-B1,외부,대합(B1)-지상(#3 출구)
840,5,아차산,E/S,6,1809-086,F1-B1,외부,대합(B1)-지상(#3 출구)
841,5,아차산,E/S,7,1811-617,F1-B1,외부,대합(B1)-지상(#2 출구)
842,5,아차산,E/S,8,1811-618,F1-B1,외부,대합(B1)-지상(#2 출구)
843,5,광나루,E/S,1,1809-100,F1-BM1,외부,BM1-지상(#4 출구)
844,5,광나루,E/S,2,1809-099,F1-BM1,외부,BM1-지상(#4 출구)
845,5,광나루,E/S,3,1800-903,F1-B1,외부,대합(B1)-지상(#3 출구)
846,5,광나루,E/S,4,1800-904,F1-B1,외부,대합(B1)-지상(#3 출구)
847,5,천호,E/S,1,1802-885,B1-B2,내부,대합(B2)-대합(B1)
848,5,천호,E/S,2,1802-886,B1-B2,내부,대합(B2)-대합(B1)
849,5,천호,E/S,3,1802-887,F1-BM1,외부,BM1-지상(#2 출구)
850,5,천호,E/S,4,1802-888,F1-BM1,외부,BM1-지상(#2 출구)
851,5,천호,E/S,5,1802-889,F1-B1,외부,대합(B1)-지상(#7 출구)
852,5,천호,E/S,6,1802-890,F1-B1,외부,대합(B1)-지상(#7 출구)
853,5,천호,E/S,7,1802-891,F1-B1,외부,대합(B1)-지상(#8 출구)
854,5,천호,E/S,8,1802-892,F1-B1,외부,대합(B1)-지상(#8 출구)
855,5,천호,E/S,9,1805-218,F1-BM1,외부,BM1-지상(#9 출구)
856,5,천호,E/S,10,1805-219,F1-BM1,외부,BM1-지상(#9 출구)
857,5,천호,E/S,11,1805-653,F1-BM1,외부,BM1-지상(#5 출구)
858,5,천호,E/S,12,1805-654,F1-BM1,외부,BM1-지상(#5 출구)
859,5,천호,E/S,13,1807-909,F1-BM1,외부,BM1-지상(#10 출구)
860,5,천호,E/S,14,1807-910,F1-BM1,외부,BM1-지상(#10 출구)
861,5,천호,E/S,15,1810-789,B1-F1,외부,
862,5,천호,E/S,16,1810-790,B1-F1,외부,
863,5,강동,E/S,1,1802-833,B1-B3,내부,대합(B3)-대합(B1)
864,5,강동,E/S,2,1802-834,B1-B3,내부,대합(B3)-대합(B1)
865,5,강동,E/S,3,1805-630,B1-B3,내부,대합(B3)-대합(B1)
866,5,강동,E/S,4,1802-835,B1-B3,내부,대합(B3)-대합(B1)
867,5,강동,E/S,5,1802-523,B3-B4,내부,상/승강(B4)-대합(B3)
868,5,강동,E/S,6,1802-524,B3-B4,내부,상/승강(B4)-대합(B3)
869,5,강동,E/S,7,1802-525,B3-B4,내부,하/승강(B4)-대합(B3)
870,5,강동,E/S,8,1802-526,B3-B4,내부,하/승강(B4)-대합(B3)
871,5,강동,E/S,11,1805-633,F1-B1,외부,대합(B1)-지상(#4 출구)
872,5,강동,E/S,12,1805-634,F1-B1,외부,대합(B1)-지상(#4 출구)
873,5,강동,E/S,13,1811-634,F1-B1,외부,
874,5,강동,E/S,14,1811-633,F1-B1,외부,
875,5,강동,E/S,15,1811-636,BM1-B1,외부,
876,5,강동,E/S,16,1811-635,BM1-B1,외부,
877,5,길동,E/S,1,1808-893,B1-B2,내부,BM2-대합(B1)
878,5,길동,E/S,2,1808-894,B1-B2,내부,BM2-대합(B1)
879,5,길동,E/S,3,1808-895,BM1-B1,내부,대합(B1)-BM1
880,5,굽은다리,E/S,1,1801-838,F1-B1,외부,대합(B1)-지상(#1 출구)
881,5,굽은다리,E/S,2,1801-839,F1-B1,외부,대합(B1)-지상(#1 출구)
882,5,굽은다리,E/S,3,1805-658,F1-B1,외부,대합(B1)-지상(#4 출구)
883,5,굽은다리,E/S,4,1805-659,F1-B1,외부,대합(B1)-지상(#4 출구)
884,5,명일,E/S,1,1802-528,F1-B1,외부,대합(B1)-지상(#4 출구)
885,5,명일,E/S,2,1802-529,F1-B1,외부,대합(B1)-지상(#4 출구)
886,5,고덕,E/S,1,1805-657,F1-B1,외부,대합(B1)-지상(#4 출구)
887,5,고덕,E/S,2,1803-009,F1-B1,외부,대합(B1)-지상(#4 출구)
888,5,고덕,E/S,3,1811-567,B1-M1,외부,"대합(B1)-외부M(#1,2 출구)"
889,5,고덕,E/S,4,1811-568,B1-M1,외부,"대합(B1)-외부M(#1,2 출구)"
890,5,고덕,E/S,5,1811-569,F1-M1,외부,외부(M1)-지상(#1 출구)
891,5,고덕,E/S,6,1811-570,F1-M1,외부,외부(M1)-지상(#1 출구)
892,5,상일동,E/S,3,1810-791,F1-B1,외부,대합(B1)-지상(#1 출구)
893,5,상일동,E/S,4,1810-792,F1-B1,외부,대합(B1)-지상(#1 출구)
894,5,상일동,E/S,5,1810-787,F1-B1,외부,대합(B1)-지상(#2 출구)
895,5,상일동,E/S,6,1810-788,F1-B1,외부,대합(B1)-지상(#2 출구)
896,5,상일동,E/S,7,1810-797,F1-B1,외부,대합(B1)-지상(#3 출구)
897,5,상일동,E/S,8,1810-798,F1-B1,외부,대합(B1)-지상(#3 출구)
898,5,상일동,E/S,9,1810-795,F1-B1,외부,대합(B1)-지상(#4 출구)
899,5,상일동,E/S,10,1810-796,F1-B1,외부,대합(B1)-지상(#4 출구)
900,5,상일동,E/S,11,1811-737,F1-B1,외부,대합(B1)-지상(#5 출구)
901,5,상일동,E/S,12,1811-738,F1-B1,외부,대합(B1)-지상(#5 출구)
902,5,상일동,E/S,13,1811-739,F1-B1,외부,대합(B1)-지상(#6 출구)
903,5,상일동,E/S,14,1811-740,F1-B1,외부,대합(B1)-지상(#6 출구)
904,5,상일동,E/S,15,1811-723,F1-B1,외부,대합(B1)-지상(#7 출구)
905,5,상일동,E/S,16,1811-724,F1-B1,외부,대합(B1)-지상(#7 출구)
906,5,상일동,E/S,17,1811-725,F1-B1,외부,대합(B1)-지상(#8 출구)
907,5,상일동,E/S,18,1811-726,F1-B1,외부,대합(B1)-지상(#8 출구)
908,5(연),강일,E/S,1,1181-741,B3-B2,,B3-B2
909,5(연),강일,E/S,2,1181-742,B2-B3,,B2-B3
910,5(연),강일,E/S,3,1181-743,B3-B2,,B3-B2
911,5(연),강일,E/S,4,1181-744,B2-B3,,B2-B3
912,5(연),강일,E/S,5,1181-745,B3-B2,,B3-B2
913,5(연),강일,E/S,6,1181-746,B2-B3,,B2-B3
914,5(연),강일,E/S,7,1181-747,B3-B2,,B3-B2
915,5(연),강일,E/S,8,1181-748,B2-B3,,B2-B3
916,5(연),강일,E/S,9,1181-749,1번출구(UP),,1번출구(UP)
917,5(연),강일,E/S,10,1181-750,1번출구(DN),,1번출구(DN)
918,5(연),강일,E/S,13,1181-751,3번출구(UP),,3번출구(UP)
919,5(연),강일,E/S,14,1181-752,3번출구(DN),,3번출구(DN)
920,5(연),강일,E/S,15,1181-753,4번출구(UP),,4번출구(UP)
921,5(연),강일,E/S,16,1181-754,4번출구(DN),,4번출구(DN)
922,5(연),미사,E/S,1,3813-238,B1-B2,내부,승강장(B2) - 대합실(B1)
923,5(연),미사,E/S,2,3813-237,B1-B2,내부,승강장(B2) - 대합실(B1)
924,5(연),미사,E/S,3,3813-242,B1-B2,내부,승강장(B2) - 대합실(B1)
925,5(연),미사,E/S,4,3813-241,B1-B2,내부,승강장(B2) - 대합실(B1)
926,5(연),미사,E/S,5,3813-240,B1-B2,내부,승강장(B2) - 대합실(B1)
927,5(연),미사,E/S,6,3813-239,B1-B2,내부,승강장(B2) - 대합실(B1)
928,5(연),미사,E/S,7,3811-800,F1-B1,외부,대합실(B1) - 지상(1번출입구)
929,5(연),미사,E/S,8,3811-799,F1-B1,외부,대합실(B1) - 지상(1번출입구)
930,5(연),미사,E/S,9,3811-804,F1-B1,외부,대합실(B1) - 지상(2번출입구)
931,5(연),미사,E/S,10,3811-803,F1-B1,외부,대합실(B1) - 지상(2번출입구)
932,5(연),미사,E/S,11,3811-794,F1-B1,외부,대합실(B1) - 지상(4번출입구)
933,5(연),미사,E/S,12,3811-793,F1-B1,외부,대합실(B1) - 지상(4번출입구)
934,5(연),미사,E/S,13,3811-789,F1-B1,외부,대합실(B1) - 지상(5번출입구)
935,5(연),미사,E/S,14,3811-790,F1-B1,외부,대합실(B1) - 지상(5번출입구)
936,5(연),미사,E/S,15,3811-792,F1-B1,외부,대합실(B1) - 지상(6번출입구)
937,5(연),미사,E/S,16,3811-791,F1-B1,외부,대합실(B1) - 지상(6번출입구)
938,5(연),미사,E/S,17,3811-802,F1-B1,외부,대합실(B1) - 지상(7번출입구)
939,5(연),미사,E/S,18,3811-801,F1-B1,외부,대합실(B1) - 지상(7번출입구)
940,5(연),미사,E/S,19,3811-796,F1-B1,외부,대합실(B1) - 지상(9번출입구)
941,5(연),미사,E/S,20,3811-795,F1-B1,외부,대합실(B1) - 지상(9번출입구)
942,5(연),미사,E/S,21,3811-798,F1-B1,외부,대합실(B1) - 지상(10번출입구)
943,5(연),미사,E/S,22,3811-797,F1-B1,외부,대합실(B1) - 지상(10번출입구)
944,5(연),하남풍산,E/S,1,3813-248,B1-B2,내부,승강장(B2) - 대합실(B1)
945,5(연),하남풍산,E/S,2,3813-249,B1-B2,내부,승강장(B2) - 대합실(B1)
946,5(연),하남풍산,E/S,3,3813-254,B1-B2,내부,승강장(B2) - 대합실(B1)
947,5(연),하남풍산,E/S,4,3813-255,B1-B2,내부,승강장(B2) - 대합실(B1)
948,5(연),하남풍산,E/S,5,3813-250,B1-B2,내부,승강장(B2) - 대합실(B1)
949,5(연),하남풍산,E/S,6,3813-251,B1-B2,내부,승강장(B2) - 대합실(B1)
950,5(연),하남풍산,E/S,7,3813-252,B1-B2,내부,승강장(B2) - 대합실(B1)
951,5(연),하남풍산,E/S,8,3813-253,B1-B2,내부,승강장(B2) - 대합실(B1)
952,5(연),하남풍산,E/S,9,3811-757,F1-B1,외부,썬큰광장(B1) - 지상(1번출입구)
953,5(연),하남풍산,E/S,10,3811-758,F1-B1,외부,썬큰광장(B1) - 지상(1번출입구)
954,5(연),하남풍산,E/S,11,3811-759,F1-B1,외부,썬큰광장(B1) - 지상(2번출입구)
955,5(연),하남풍산,E/S,12,3811-760,F1-B1,외부,썬큰광장(B1) - 지상(2번출입구)
956,5(연),하남풍산,E/S,13,3811-761,F1-B1,외부,대합실(B1) - 지상(3번출입구)
957,5(연),하남풍산,E/S,14,3811-762,F1-B1,외부,대합실(B1) - 지상(3번출입구)
958,5(연),하남풍산,E/S,15,3811-763,F1-B1,외부,대합실(B1) - 지상(4번출입구)
959,5(연),하남풍산,E/S,16,3811-764,F1-B1,외부,대합실(B1) - 지상(4번출입구)
960,5(연),하남풍산,E/S,17,3811-765,F1-B1,외부,대합실(B1) - 지상(5번출입구)
961,5(연),하남풍산,E/S,18,3811-766,F1-B1,외부,대합실(B1) - 지상(5번출입구)
962,5(연),하남풍산,E/S,19,3811-767,F1-B1,외부,대합실(B1) - 지상(6번출입구)
963,5(연),하남풍산,E/S,20,3811-768,F1-B1,외부,대합실(B1) - 지상(6번출입구)
964,5(연),하남풍산,E/S,21,3811-769,F1-B1,외부,대합실(B1) - 지상(7번출입구)
965,5(연),하남풍산,E/S,22,3811-770,F1-B1,외부,대합실(B1) - 지상(7번출입구)
966,5(연),하남풍산,E/S,23,3811-771,F1-B1,외부,대합실(B1) - 지상(8번출입구)
967,5(연),하남풍산,E/S,24,3811-772,F1-B1,외부,대합실(B1) - 지상(8번출입구)
968,5(연),하남시청,E/S,1,3811-935,M-1,외부,M-1
969,5(연),하남시청,E/S,2,3811-936,1-M,외부,1-M
970,5(연),하남시청,E/S,3,3811-937,-,,-
971,5(연),하남시청,E/S,4,3811-938,M-1,외부,M-1
972,5(연),하남시청,E/S,5,3811-939,M-1,외부,M-1
973,5(연),하남시청,E/S,6,3811-940,M-1,외부,M-1
974,5(연),하남시청,E/S,7,3811-941,B1-M1,내부,B1-M1
975,5(연),하남시청,E/S,8,3811-942,M-B1,내부,M-B1
976,5(연),하남시청,E/S,9,3811-943,-,,-
977,5(연),하남시청,E/S,10,3811-944,-,,-
978,5(연),하남시청,E/S,11,3811-945,B1-M,내부,B1-M
979,5(연),하남시청,E/S,12,3811-946,M-B1,내부,M-B1
980,5(연),하남시청,E/S,13,3811-947,B1-M,내부,B1-M
981,5(연),하남시청,E/S,14,3811-948,M-B1,내부,M-B1
982,5(연),하남시청,E/S,15,3811-949,B2-B1,내부,B2-B1
983,5(연),하남시청,E/S,16,3811-950,B2-B1,내부,B2-B1
984,5(연),하남시청,E/S,17,3811-951,B1-B2,내부,B1-B2
985,5(연),하남시청,E/S,18,3811-952,B1-B2,내부,B1-B2
986,5(연),하남시청,E/S,19,3811-953,B2-B1,내부,B2-B1
987,5(연),하남시청,E/S,20,3811-954,B1-B2,내부,B1-B2
988,5(연),하남시청,E/S,21,3811-955,B2-B1,내부,B2-B1
989,5(연),하남시청,E/S,22,3811-956,B1-B2,내부,B1-B2
990,5(연),하남시청,E/S,23,3811-975,M-1,외부,M-1
991,5(연),하남시청,E/S,24,3811-982,1-M,외부,1-M
992,5(연),하남시청,E/S,25,3811-983,1-M,외부,1-M
993,5(연),하남시청,E/S,26,3811-984,M-1,외부,M-1
994,5(연),하남시청,E/S,27,3811-985,M-B1,내부,M-B1
995,5(연),하남시청,E/S,28,3811-986,B1-M,내부,B1-M
996,5(연),하남검단산,E/S,1,3811-859,B3-B2,내부,B3-B2
997,5(연),하남검단산,E/S,2,3811-860,B2-B3,내부,B2-B3
998,5(연),하남검단산,E/S,3,3811-861,B3-B2,내부,B3-B2
999,5(연),하남검단산,E/S,4,3811-862,B2-B3,내부,B2-B3
1000,5(연),하남검단산,E/S,5,3811-863,B3-B2,내부,B3-B2
1001,5(연),하남검단산,E/S,6,3811-864,B2-B3,내부,B2-B3
1002,5(연),하남검단산,E/S,7,3811-865,B3-B2,내부,B3-B2
1003,5(연),하남검단산,E/S,8,3811-866,B2-B3,내부,B2-B3
1004,5(연),하남검단산,E/S,9,3811-867,B2-B1,내부,B2-B1
1005,5(연),하남검단산,E/S,10,3811-868,B1-B2,내부,B1-B2
1006,5(연),하남검단산,E/S,11,3811-869,B2-B1,내부,B2-B1
1007,5(연),하남검단산,E/S,12,3811-870,B1-B2,내부,B1-B2
1008,5(연),하남검단산,E/S,13,3811-871,B2-1,1번출구-1,B2-1
1009,5(연),하남검단산,E/S,14,3811-872,1-B2,1번출구-2,1-B2
1010,5(연),하남검단산,E/S,19,3811-873,B2-1,4번출구-1,B2-1
1011,5(연),하남검단산,E/S,20,3811-874,1-B2,4번출구-2,1-B2
1012,5(연),하남검단산,E/S,15,3811-875,B2-1,2번출구-1,B2-1
1013,5(연),하남검단산,E/S,16,3811-876,1-B2,2번출구-2,1-B2
1014,5(연),하남검단산,E/S,17,3811-877,B2-1,3번출구-1,B2-1
1015,5(연),하남검단산,E/S,18,3811-878,1-B2,3번출구-2,1-B2
1016,5,둔촌동,E/S,1,1801-842,F1-BM1,내부,대합(B1)-BM1
1017,5,둔촌동,E/S,2,1801-843,F1-BM1,내부,대합(B1)-BM1
1018,5,둔촌동,E/S,3,1801-844,F1-BM1,내부,대합(B1)-BM1
1019,5,둔촌동,E/S,4,1801-845,F1-BM1,내부,대합(B1)-BM1
1020,5,올림픽공원,E/S,1,1809-917,B2-B3,내부,대합(B2)-승강장(B3)
1021,5,올림픽공원,E/S,2,1809-920,B2-B3,내부,대합(B2)-승강장(B3)
1022,5,올림픽공원,E/S,3,1811-199,B2-B3,내부,대합(B2)-승강장(B3)
1023,5,올림픽공원,E/S,4,1811-200,B2-B3,내부,대합(B2)-승강장(B3)
1024,5,방이,E/S,1,1808-714,F1-B1,외부,대합(B1)-지상(#4 출구)
1025,5,방이,E/S,2,1808-715,F1-B1,외부,대합(B1)-지상(#4 출구)
1026,5,오금,E/S,1,1801-959,BM1-B1,내부,대합(B1)-BM1
1027,5,오금,E/S,2,1801-960,BM1-B1,내부,대합(B1)-BM1
1028,5,오금,E/S,3,1801-961,BM1-B1,내부,대합(B1)-BM1
1029,5,오금,E/S,4,1805-669,B2-B3(UP),내부,환/대합(B3)-상/승강(B2)
1030,5,오금,E/S,5,1805-670,B2-B3(DN),내부,환/대합(B3)-상/승강(B2)
1031,5,오금,E/S,6,1805-671,B2-B3(UP),내부,환/대합(B3)-하/승강(B2)
1032,5,오금,E/S,7,1805-672,B2-B3(DN),내부,환/대합(B3)-하/승강(B2)
1033,5,개롱,E/S,1,1805-655,F1-B1(DN),외부,대합(B1)-F1(#3 출구)
1034,5,개롱,E/S,2,1805-656,F1-B1(UP),외부,대합(B1)-F1(#3 출구)
1035,5,거여,E/S,1,1801-962,BM1-B1,내부,대합(B1)-BM1
1036,5,거여,E/S,2,1801-963,BM1-B1,내부,대합(B1)-BM1
1037,5,마천,E/S,1,1801-971,B2-B4,내부,시/승강(B4)-대합(B2)
1038,5,마천,E/S,2,1801-972,B2-B4,내부,시/승강(B4)-대합(B2)
1039,5,마천,E/S,3,1801-973,B2-B4,내부,종/승강(B4)-대합(B2)
1040,5,마천,E/S,4,1801-974,B2-B4,내부,종/승강(B4)-대합(B2)
1041,5,마천,E/S,5,1801-975,F1-B1,외부,대합(B1)-지상(#1 출구)
1042,5,마천,E/S,6,1801-976,F1-B1,외부,대합(B1)-지상(#1 출구)
1043,5,마천,E/S,7,1805-635,B1-B2,내부,대합(B1)-BM2
1044,5,마천,E/S,8,1805-636,B1-B2,내부,대합(B1)-BM2
1045,5,마천,E/S,9,1805-637,F1-B1,외부,대합(B1)-지상(#2 출구)
1046,5,마천,E/S,10,1805-638,F1-B1,외부,대합(B1)-지상(#2 출구)
1047,6,응암,E/S,1,1808-105,B1-B1,내부,대합(B1)-BM1
1048,6,응암,E/S,2,1808-106,B1-B1,내부,대합(B1)-BM1
1049,6,응암,E/S,3,1809-469,F1-BM1,외부,BM1-지상(#2 출구)
1050,6,응암,E/S,4,1809-470,F1-BM1,외부,BM1-지상(#2 출구)
1051,6,역촌,E/S,1,1800-574,B1-B4,내부,하/승강(B4)-대합(B1)
1052,6,역촌,E/S,2,1800-575,B1-B4,내부,하/승강(B4)-대합(B1)
1053,6,역촌,E/S,3,1808-101,F1-B1,외부,대합(B1)-지상(#4 출구)
1054,6,역촌,E/S,4,1808-102,F1-B1,외부,대합(B1)-지상(#4 출구)
1055,6,역촌,E/S,5,1808-103,F1-B1,외부,대합(B1)-지상(#2 출구)
1056,6,역촌,E/S,6,1808-104,F1-B1,외부,대합(B1)-지상(#2 출구)
1057,6,불광,E/S,1,1800-983,B2-B4,내부,시/승강(B4)-대합(B2)
1058,6,불광,E/S,2,1800-984,B2-B4,내부,시/승강(B4)-대합(B2)
1059,6,불광,E/S,3,1800-985,B2-B4,내부,종/승강(B4)-대합(B2)
1060,6,불광,E/S,4,1800-986,B2-B4,내부,종/승강(B4)-대합(B2)
1061,6,불광,E/S,5,1800-987,BM2-B2,내부,대합(B2)-환승(BM2)
1062,6,불광,E/S,6,1800-988,BM2-B2,내부,대합(B2)-환승(BM2)
1063,6,불광,E/S,7,1800-989,BM2-B2,내부,대합(B2)-환승(BM2)
1064,6,불광,E/S,8,1800-990,BM2-B2,내부,대합(B2)-환승(BM2)
1065,6,불광,E/S,9,1800-991,BM1-B1,내부,대합(B1)-BM1
1066,6,불광,E/S,10,1800-992,BM1-B1,내부,대합(B1)-BM1
1067,6,불광,E/S,11,1800-993,BM1-B1,내부,대합(B1)-BM1
1068,6,불광,E/S,12,1800-994,BM1-B1,내부,대합(B1)-BM1
1069,6,독바위,E/S,1,1800-836,B5-B6,내부,하/승강(B6)-대합(B5)
1070,6,독바위,E/S,2,1800-837,B5-B6,내부,하/승강(B6)-대합(B5)
1071,6,독바위,E/S,3,1800-838,B3-B5,내부,대합(B5)-대합(B3)
1072,6,독바위,E/S,4,1800-839,B3-B5,내부,대합(B5)-대합(B3)
1073,6,독바위,E/S,5,1800-840,B1-B3,내부,대합(B3)-대합(B1)
1074,6,독바위,E/S,6,1800-841,B1-B3,내부,대합(B3)-대합(B1)
1075,6,독바위,E/S,7,1800-842,BM1-B1,내부,대합(B1)-BM1
1076,6,독바위,E/S,8,1800-843,F1-BM1,외부,BM1-지상(#1 출구)
1077,6,연신내,E/S,1,1800-598,B3-B5,내부,하/승강(B5)-대합(B3)
1078,6,연신내,E/S,2,1800-599,B3-B5,내부,하/승강(B5)-대합(B3)
1079,6,연신내,E/S,3,1800-600,B3-B5,내부,하/승강(B5)-대합(B3)
1080,6,연신내,E/S,4,1800-595,B1-B3,내부,대합(B3)-대합(B1)
1081,6,연신내,E/S,5,1800-596,B1-B3,내부,대합(B3)-대합(B1)
1082,6,연신내,E/S,6,1800-597,B1-B3,내부,대합(B3)-대합(B1)
1083,6,구산,E/S,1,1800-591,B1-B4,내부,하/승강(B4)-대합(B1)
1084,6,구산,E/S,2,1800-592,B1-B4,내부,하/승강(B4)-대합(B1)
1085,6,새절,E/S,1,1809-467,B1-B2,내부,상/승강(B2)-대합(B1)
1086,6,새절,E/S,2,1809-468,B2-B1,내부,상/승강(B2)-대합(B1)
1087,6,새절,E/S,3,1809-465,B2-B1,내부,하/승강(B2)-대합(B1)
1088,6,새절,E/S,4,1809-466,B2-B1,내부,하/승강(B2)-대합(B1)
1089,6,증산,E/S,1,1800-397,BM1-B1,내부,대합(B1)-BM1
1090,6,증산,E/S,2,1800-398,BM1-B1,내부,대합(B1)-BM1
1091,6,증산,E/S,3,1809-463,B1-B2,내부,상/승강(B2)-대합(B1)
1092,6,증산,E/S,4,1809-464,B1-B2,내부,상/승강(B2)-대합(B1)
1093,6,증산,E/S,5,1809-461,B1-B2,내부,하/승강(B2)-대합(B1)
1094,6,증산,E/S,6,1809-462,B1-B2,내부,하/승강(B2)-대합(B1)
1095,6,디지털미디어시티,E/S,1,1808-915,B1-B2,내부,상/시/승강(B2)-대(B1)
1096,6,디지털미디어시티,E/S,2,1808-916,B1-B2,내부,하/시/승강(B2)-대(B1)
1097,6,디지털미디어시티,E/S,3,1808-917,B1-B2,내부,상/종/승강(B2)-대(B1)
1098,6,디지털미디어시티,E/S,4,1808-918,B1-B2,내부,하/종/승강(B2)-대(B1)
1099,6,디지털미디어시티,E/S,5,1808-919,F1-B1,외부,대합(B1)-지상(#4 출구)
1100,6,디지털미디어시티,E/S,6,1808-920,F1-B1,외부,대합(B1)-지상(#4 출구)
1101,6,디지털미디어시티,E/S,7,1808-921,F1-B1,외부,대합(B1)-지상(#2 출구)
1102,6,디지털미디어시티,E/S,8,1808-922,F1-B1,외부,대합(B1)-지상(#2 출구)
1103,6,월드컵경기장,E/S,1,1800-851,F1-B1,외부,B1-지상(#3 출구)
1104,6,월드컵경기장,E/S,2,1800-852,F1-B1,외부,B1-지상(#3 출구)
1105,6,월드컵경기장,E/S,3,1800-853,F1-B1,외부,B1-지상(#3 출구)
1106,6,월드컵경기장,E/S,4,1800-854,F1-B1,외부,B1-지상(#3 출구)
1107,6,월드컵경기장,E/S,5,1800-855,F1-B1,외부,B1-지상(#2 출구)
1108,6,월드컵경기장,E/S,6,1800-856,F1-B1,외부,B1-지상(#2 출구)
1109,6,월드컵경기장,E/S,7,1800-857,F1-B1,외부,B1-지상(#2 출구)
1110,6,월드컵경기장,E/S,8,1800-858,F1-B1,외부,B1-지상(#2 출구)
1111,6,월드컵경기장,E/S,9,1800-584,F1-B1,외부,대합(B1)-지상(#1 출구)
1112,6,월드컵경기장,E/S,10,1800-768,F1-B1,외부,대합(B1)-지상(#1 출구)
1113,6,월드컵경기장,E/S,11,1800-769,F1-B1,외부,대합(B1)-지상(#1 출구)
1114,6,월드컵경기장,E/S,12,1800-800,F1-B1,외부,대합(B1)-지상(#1 출구)
1115,6,마포구청,E/S,1,1800-867,F1-BM1,외부,BM1-지상(#1 출구)
1116,6,마포구청,E/S,2,1800-868,F1-BM1,외부,BM1-지상(#1 출구)
1117,6,마포구청,E/S,3,1800-846,F1-BM1,외부,BM1-지상(#8 출구)
1118,6,마포구청,E/S,4,1800-869,F1-B1,외부,대합(B1)-지상(#3 출구)
1119,6,마포구청,E/S,5,1800-870,F1-B1,외부,대합(B1)-지상(#3 출구)
1120,6,마포구청,E/S,6,1800-871,F1-B1,외부,대합(B1)-지상(#4 출구)
1121,6,마포구청,E/S,7,1800-872,F1-B1,외부,대합(B1)-지상(#4 출구)
1122,6,마포구청,E/S,8,1800-875,F1-BM1,외부,BM1-지상(#5 출구)
1123,6,마포구청,E/S,9,1800-876,F1-BM1,외부,BM1-지상(#5 출구)
1124,6,마포구청,E/S,10,1800-873,BM1-B1,내부,대합(B1)-BM1
1125,6,마포구청,E/S,11,1800-874,BM1-B1,내부,대합(B1)-BM1
1126,6,마포구청,E/S,12,1810-496,BM1-F1,외부,BM1-지상(#8 출구)
1127,6,망원,E/S,1,1800-899,BM1-B1,내부,대합(B1)-BM1
1128,6,망원,E/S,2,1800-900,BM1-B1,내부,대합(B1)-BM1
1129,6,합정,E/S,1,1808-923,B3-B4,내부,상/승강(B4)-대합(B3)
1130,6,합정,E/S,2,1808-924,B3-B4,내부,하/승강(B4)-대합(B3)
1131,6,합정,E/S,3,1808-925,B3-B4,내부,하/승강(B4)-대합(B3)
1132,6,합정,E/S,4,1808-926,B2-B3(환승통로),내부,대합(B3)-환승(B2)
1133,6,합정,E/S,5,1808-927,B2-B3(환승통로),내부,대합(B3)-환승(B2)
1134,6,합정,E/S,6,1808-928,B2-B3(환승통로),내부,대합(B3)-환승(B2)
1135,6,합정,E/S,7,1808-929,B2-B3(환승통로),내부,대합(B3)-환승(B2)
1136,6,합정,E/S,8,1808-930,B1-B3,내부,대합(B3)-대합(B1)
1137,6,합정,E/S,9,1808-931,B1-B3,내부,대합(B3)-대합(B1)
1138,6,합정,E/S,10,1808-932,F1-B1,외부,대합(B1)-지상(#5 출구)
1139,6,합정,E/S,15,1810-127,F1-B1,외부,대합(B1)-지상(#8 출구)
1140,6,합정,E/S,16,1810-128,F1-B1,외부,대합(B1)-지상(#8 출구)
1141,6,합정,E/S,11,1809-205,F1-B1,외부,대합(B1)-지상(#9 출구)
1142,6,합정,E/S,12,1809-206,F1-B1,외부,대합(B1)-지상(#9 출구)
1143,6,합정,E/S,13,1809-220,F1-B1,외부,대합(B1)-지상(#10 출구)
1144,6,합정,E/S,14,1809-221,F1-B1,외부,대합(B1)-지상(#10 출구)
1145,6,합정,E/S,15,1806-440,F1-B1,외부,대합(B1)-지상(#8-1 출구)
1146,6,합정,E/S,16,1806-439,F1-B1,외부,대합(B1)-지상(#8-1 출구)
1147,6,상수,E/S,1,1808-933,B2-B3,내부,중앙/승강(B3)-대합(B2)
1148,6,상수,E/S,2,1808-934,B2-B3,내부,중앙/승강(B3)-대합(B2)
1149,6,상수,E/S,3,1808-937,B1-B2,내부,대합(B2)-대합(B1)
1150,6,상수,E/S,4,1808-938,B1-B2,내부,대합(B2)-대합(B1)
1151,6,상수,E/S,5,1808-935,BM1-B1,내부,대합(B1)-BM1
1152,6,상수,E/S,6,1808-936,BM1-B1,내부,대합(B1)-BM1
1153,6,상수,E/S,7,1808-939,BM1-B1,내부,대합(B1)-BM1
1154,6,상수,E/S,8,1808-940,BM1-B1,내부,대합(B1)-BM1
1155,6,상수,E/S,9,1808-941,F1-BM1,외부,BM1-지상(#3 출구)
1156,6,상수,E/S,10,1808-942,F1-BM1,외부,BM1-지상(#3 출구)
1157,6,광흥창,E/S,1,1808-943,B2-B3,내부,중앙/시/승강(B3)-대(B2)
1158,6,광흥창,E/S,2,1808-944,B2-B3,내부,중앙/종/승강(B3)-대(B2)
1159,6,광흥창,E/S,3,1808-945,B1-B2,내부,시/대합(B2)-대합(B1)
1160,6,광흥창,E/S,4,1808-946,B1-B2,내부,종/대합(B2)-대합(B1)
1161,6,광흥창,E/S,5,1808-185,BM1-B1,내부,대합(B1)-BM1
1162,6,광흥창,E/S,6,1808-947,BM1-B1,내부,대합(B1)-BM1
1163,6,광흥창,E/S,7,1808-948,BM1-B1,내부,대합(B1)-BM1
1164,6,광흥창,E/S,8,1808-174,F1-BM1,외부,BM1-지상(#2 출구)
1165,6,광흥창,E/S,9,1808-175,F1-BM1,외부,BM1-지상(#2 출구)
1166,6,대흥,E/S,1,1800-999,B1-B2,내부,대합(B2)-대합(B1)
1167,6,대흥,E/S,2,1801-000,B1-B2,내부,대합(B2)-대합(B1)
1168,6,대흥,E/S,3,1800-997,BM1-B1,내부,대합(B1)-BM1(#2 출구 방면)
1169,6,대흥,E/S,4,1800-998,BM1-B1,내부,대합(B1)-BM1(#4 출구 방면)
1170,6,대흥,E/S,5,1813-891,F1-B1,외부,
1171,6,대흥,E/S,6,1813-892,F1-B1,외부,
1172,6,공덕,E/S,1,1800-995,F1-B1,외부,대합(B1)-지상(#7 출구)
1173,6,공덕,E/S,2,1800-996,F1-B1,외부,대합(B1)-지상(#7 출구)
1174,6,공덕,E/S,3,1810-055,B2-B3,내부,대합(B2)-대합(B3) 환승통로
1175,6,공덕,E/S,4,1810-056,B2-B3,내부,대합(B2)-대합(B3) 환승통로
1176,6,공덕,E/S,5,1810-568,B2-B3,내부,대합(B2)-대합(B3) 환승통로
1177,6,공덕,E/S,6,1809-238,B2-B3,내부,대합(B2)-대합(B3) 환승통로
1178,6,효창공원앞,E/S,1,1800-376,B1-B2,내부,대합(B2)-대합(B1)
1179,6,효창공원앞,E/S,2,1800-377,B1-B2,내부,대합(B2)-대합(B1)
1180,6,효창공원앞,E/S,3,1800-378,F1-B1,외부,대합(B1)-지상(#4 출구)
1181,6,효창공원앞,E/S,4,1800-379,F1-B1,외부,대합(B1)-지상(#4 출구)
1182,6,효창공원앞,E/S,5,1810-728,B2-B3,내부,상/시점(B3)-대(B2)
1183,6,효창공원앞,E/S,6,1810-727,B2-B3,내부,상/시점(B3)-대(B2)
1184,6,삼각지,E/S,1,1800-698,B1-B3,내부,대합(B3)-대합(B1)
1185,6,삼각지,E/S,2,1800-699,B1-B3,내부,대합(B3)-대합(B1)
1186,6,삼각지,E/S,3,1800-700,B1-B3,내부,대합(B3)-대합(B1)
1187,6,삼각지,E/S,4,1800-701,B1-B3,내부,대합(B3)-대합(B1)
1188,6,녹사평,E/S,1,1800-380,B4-B5,내부,중앙/시/승강(B5)-대합(B4)
1189,6,녹사평,E/S,2,1800-381,B4-B5,내부,중앙/시/승강(B5)-대합(B4)
1190,6,녹사평,E/S,3,1800-382,B4-B5,내부,중앙/종/승강(B5)-대합(B4)
1191,6,녹사평,E/S,4,1800-383,B4-B5,내부,중앙/종/승강(B5)-대합(B4)
1192,6,녹사평,E/S,5,1800-384,B2-B4,내부,대합(B4)-대합(B2)
1193,6,녹사평,E/S,6,1800-385,B2-B4,내부,대합(B4)-대합(B2)
1194,6,녹사평,E/S,7,1800-386,B2-B4,내부,대합(B4)-대합(B2)
1195,6,녹사평,E/S,8,1800-387,B1-B2,내부,대합(B2)-대합(B1)
1196,6,녹사평,E/S,9,1800-388,B1-B2,내부,대합(B2)-대합(B1)
1197,6,녹사평,E/S,10,1800-389,F1-B1,외부,대합(B1)-지상(#2 출구)
1198,6,녹사평,E/S,11,1800-390,F1-B1,외부,대합(B1)-지상(#2 출구)
1199,6,녹사평,E/S,12,1800-391,F1-B1,외부,대합(B1)-지상(#3 출구)
1200,6,녹사평,E/S,13,0800-392,F1-B1,외부,대합(B1)-지상(#3 출구)
1201,6,이태원,E/S,1,1800-844,B2-B4,내부,대합(B4)-대합(B2)
1202,6,이태원,E/S,2,1800-845,B2-B4,내부,대합(B4)-대합(B2)
1203,6,이태원,E/S,3,1809-499,BM1-B1,내부,대합(B1)-BM1
1204,6,이태원,E/S,4,1809-500,BM1-B1,내부,대합(B1)-BM1
1205,6,한강진,E/S,1,1808-191,B1-B3,내부,대합(B3)-대합(B1)
1206,6,한강진,E/S,2,1808-192,B1-B3,내부,대합(B3)-대합(B1)
1207,6,한강진,E/S,3,1810-744,1-B1,외부,대합(B1)-지상(#2 출구)
1208,6,한강진,E/S,4,1810-743,1-B1,외부,대합(B1)-지상(#2 출구)
1209,6,버티고개,E/S,1,1812-500,B2-B3,내부,대합(B3)-대합(B2)
1210,6,버티고개,E/S,2,1812-510,B2-B3,내부,대합(B3)-대합(B2)
1211,6,버티고개,E/S,3,1808-199,F1-B1,외부,대합(B1)-지상(#3 출구)
1212,6,버티고개,E/S,4,1808-200,F1-B1,외부,대합(B1)-지상(#3 출구)
1213,6,약수,E/S,1,1809-212,환B2-B3,내부,상/종/승강(B3)-대합(B2)
1214,6,약수,E/S,2,1800-582,환B2-B3,내부,상/종/승강(B3)-대합(B2)
1215,6,약수,E/S,3,1800-583,환B2-B3,내부,하/종/승강(B3)-대합(B2)
1216,6,약수,E/S,4,1809-213,환B2-B3,내부,하/종/승강(B3)-대합(B2)
1217,6,약수,E/S,5,1809-214,BM1-B1,내부,대합(B1)-BM1
1218,6,약수,E/S,6,1809-215,BM1-B1,내부,대합(B1)-BM1
1219,6,약수,E/S,7,1809-209,환B1-B2,내부,대합(B2)-환승(B1)
1220,6,약수,E/S,8,1809-210,환B1-B2,내부,대합(B2)-환승(B1)
1221,6,약수,E/S,9,1809-211,BM1-B1,내부,대합(B1)-BM1
1222,6,약수,E/S,10,1801-048,F1-BM1,외부,BM1-지상(#7 출구)
1223,6,약수,E/S,11,1808-526,F1-BM1,외부,BM1-지상(#7 출구)
1224,6,청구,E/S,1,1800-859,B2-B3,내부,환승/대합(B3)-시/승강(B2)
1225,6,청구,E/S,2,1800-860,B2-B3,내부,환승/대합(B3)-시/승강(B2)
1226,6,청구,E/S,3,1800-861,B2-B3,내부,환승/대합(B3)-종/승강(B2)
1227,6,청구,E/S,4,1800-862,B2-B3,내부,환승/대합(B3)-종/승강(B2)
1228,6,청구,E/S,5,1800-863,BM1-B1,내부,대합(B1)-BM1
1229,6,청구,E/S,6,1800-864,BM1-B1,내부,대합(B1)-BM1
1230,6,청구,E/S,7,1800-865,BM1-B1,내부,대합(B1)-BM1
1231,6,청구,E/S,8,1800-866,BM1-B1,내부,대합(B1)-BM1
1232,6,청구,E/S,9,1810-109,F1-BM1,외부,1번출구-BM1
1233,6,청구,E/S,10,1810-110,F1-BM1,외부,1번출구-BM1
1234,6,신당,E/S,1,1808-979,B2-B3,내부,시/승강(B3)-대합(B2)
1235,6,신당,E/S,2,1808-980,B2-B3,내부,종/승강(B3)-대합(B2)
1236,6,신당,E/S,3,1808-975,B1-B3,내부,중앙/승강(B3)-대합(B1)
1237,6,신당,E/S,4,1808-976,B1-B3,내부,중앙/승강(B3)-대합(B1)
1238,6,신당,E/S,5,1808-977,B1-B3,내부,중앙/승강(B3)-대합(B1)
1239,6,신당,E/S,6,1808-978,B1-B3,내부,중앙/승강(B3)-대합(B1)
1240,6,신당,E/S,7,1808-981,F1-B1,외부,대합(B1)-지상(#10 출구)
1241,6,신당,E/S,8,1808-982,F1-B1,외부,대합(B1)-지상(#10 출구)
1242,6,신당,E/S,9,1800-683,B1(환승통로)-B2,내부,대합(B2)-환승통로(B1)
1243,6,신당,E/S,10,1800-684,B1(환승통로)-B2,내부,대합(B2)-환승통로(B1)
1244,6,신당,E/S,11,1800-685,B1(환승통로)-B2,내부,B2(2호선승강)-B1(환승통로)
1245,6,신당,E/S,12,1800-686,B1(환승통로)-B2,내부,B2(2호선승강)-B1(환승통로)
1246,6,신당,E/S,13,1800-687,B1(환승통로)-B2,내부,B2(2호선승강)-B1(환승통로)
1247,6,신당,E/S,14,1800-688,B1(환승통로)-B2,내부,B2(2호선승강)-B1(환승통로)
1248,6,신당,E/S,15,1807-095,BM1-B1,내부,BM1-B1(연결통로)
1249,6,신당,E/S,16,1807-096,BM1-B1,내부,BM1-B1(연결통로)
1250,6,신당,E/S,17,1807-097,F1-BM1,외부,F1-BM1
1251,6,신당,E/S,18,1807-098,F1-BM1,외부,F1-BM1
1252,6,동묘앞,E/S,1,1800-068,B2(환승통로)-B3,내부,중앙/승강(B3)-환승통로(B2)
1253,6,동묘앞,E/S,2,1800-067,B2(환승통로)-B3,내부,중앙/승강(B3)-환승통로(B2)
1254,6,동묘앞,E/S,3,1800-070,B2-B3,내부,종/승강(B3)-대합(B2)
1255,6,동묘앞,E/S,4,1800-069,B2-B3,내부,종/승강(B3)-대합(B2)
1256,6,동묘앞,E/S,5,1800-074,B1-B2,내부,대합(B2)-대합(B1)
1257,6,동묘앞,E/S,6,1800-075,B1-B2,내부,대합(B2)-대합(B1)
1258,6,동묘앞,E/S,7,1800-071,B1-B2,내부,대합(B2)-대합(B1)
1259,6,동묘앞,E/S,8,1800-066,BM1-B1,내부,대합(B1)-BM1
1260,6,동묘앞,E/S,9,1800-073,F1-BM1,외부,BM1-지상(#8 출구)
1261,6,동묘앞,E/S,10,1800-072,F1-BM1,외부,BM1-지상(#8 출구)
1262,6,동묘앞,E/S,11,1810-051,B2-B3,내부,대합(B2)-승강장(B3)
1263,6,동묘앞,E/S,12,1810-052,B2-B3,내부,대합(B2)-승강장(B3)
1264,6,창신,E/S,1,1800-051,B1-B3,내부,대합(B3)-대합(B1)
1265,6,창신,E/S,2,1800-052,B1-B3,내부,대합(B3)-대합(B1)
1266,6,창신,E/S,3,1800-065,BM1-B1,내부,대합(B1)-BM1
1267,6,보문,E/S,1,1809-118,B1-B2,내부,대합(B2)-대합(B1)
1268,6,보문,E/S,2,1809-119,B1-B2,내부,대합(B2)-대합(B1)
1269,6,안암,E/S,1,1809-116,BM1-B1,내부,대합(B1)-BM1
1270,6,안암,E/S,2,1809-117,BM1-B1,내부,대합(B1)-BM1
1271,6,안암,E/S,3,1809-114,BM1-B1,내부,대합(B1)-BM1
1272,6,안암,E/S,4,1809-115,BM1-B1,내부,대합(B1)-BM1
1273,6,안암,E/S,5,1803-147,B1-B2,내부,대합실(B1)-대합실(B2)
1274,6,안암,E/S,6,1803-148,B1-B2,내부,대합실(B1)-대합실(B2)
1275,6,고려대,E/S,1,1809-108,B1-B2,내부,대합(B2)-대합(B1)
1276,6,고려대,E/S,2,1809-109,B1-B2,내부,대합(B2)-대합(B1)
1277,6,고려대,E/S,3,1809-110,BM1-B1,내부,대합(B1)-BM1
1278,6,고려대,E/S,4,1809-111,BM1-B1,내부,대합(B1)-BM1
1279,6,고려대,E/S,5,1809-112,F1-B1,외부,대합(B1)-지상(#6 출구)
1280,6,고려대,E/S,6,1809-113,F1-B1,외부,대합(B1)-지상(#6 출구)
1281,6,고려대,E/S,7,1803-396,F1-B1,외부,대합(B1)-지상(#4 출구)
1282,6,고려대,E/S,8,1803-397,F1-B1,외부,대합(B1)-지상(#4 출구)
1283,6,고려대,E/S,9,1810-503,B3-B4,내부,상/시점 B4(승강)-B3(대합)
1284,6,고려대,E/S,10,1810-504,B3-B4,내부,상/시점 B4(승강)-B3(대합)
1285,6,고려대,E/S,11,1810-501,B3-B4,내부,하/시점 B4(승강)-B3(대합)
1286,6,고려대,E/S,12,1810-502,B3-B4,내부,하/시점 B4(승강)-B3(대합)
1287,6,월곡,E/S,1,1803-403,BM1-B1,내부,대합(B1)-BM1
1288,6,월곡,E/S,2,1809-103,BM1-B1,내부,대합(B1)-BM1
1289,6,월곡,E/S,3,1809-104,F1-BM1,외부,BM1-지상(#2 출구)
1290,6,월곡,E/S,4,1809-105,F1-BM1,외부,BM1-지상(#2 출구)
1291,6,월곡,E/S,5,1803-404,F1-BM1,외부,BM1-지상(#3 출구)
1292,6,월곡,E/S,6,1803-405,F1-BM1,외부,BM1-지상(#3 출구)
1293,6,월곡,E/S,7,1810-505,B2-B3,내부,상/시점 B3(승강)-B2(대합)
1294,6,월곡,E/S,8,1810-506,B2-B3,내부,상/시점 B3(승강)-B2(대합)
1295,6,월곡,E/S,9,1803-149,B2-B3,내부,
1296,6,월곡,E/S,10,1803-150,B2-B3,내부,
1297,6,월곡,E/S,11,1803-042,F1-BM1,외부,BM1-지상(#1 출구)
1298,6,월곡,E/S,12,1803-043,F1-BM1,외부,BM1-지상(#1 출구)
1299,6,상월곡,E/S,1,1803-401,B1-B2,내부,대합(B2)-대합(B1)
1300,6,상월곡,E/S,2,1803-402,B1-B2,내부,대합(B2)-대합(B1)
1301,6,상월곡,E/S,3,1803-398,BM1-B1,내부,대합(B1)-BM1
1302,6,상월곡,E/S,4,1803-399,BM1-B1,내부,대합(B1)-BM1
1303,6,상월곡,E/S,5,1809-740,F1-M1,외부,M1-1(#2 출구)
1304,6,상월곡,E/S,6,1809-741,F1-M1,외부,M1-1(#2 출구)
1305,6,돌곶이,E/S,1,1802-487,BM1-B1,내부,대합(B1)-BM1
1306,6,돌곶이,E/S,2,1809-101,F1-B1,외부,대합(B1)-지상(#8 출구)
1307,6,돌곶이,E/S,3,1809-102,F1-B1,외부,대합(B1)-지상(#8 출구)
1308,6,돌곶이,E/S,4,1802-488,BM1-B1,내부,대합(B1)-BM1
1309,6,석계,E/S,1,1803-422,B2-B3,내부,상/시/승강(B3)-대합(B2)
1310,6,석계,E/S,2,1803-423,B2-B3,내부,하/시/승강(B3)-대합(B2)
1311,6,석계,E/S,3,1803-424,B2-B3,내부,상/승강(B3)-대합(B2)
1312,6,석계,E/S,4,1803-425,B2-B3,내부,하/승강(B3)-대합(B2)
1313,6,석계,E/S,5,1803-418,B1-B2,내부,대합(B2)-대합(B1)
1314,6,석계,E/S,6,1803-419,BM1-B1,내부,대합(B1)-BM1
1315,6,석계,E/S,7,1803-420,F1-B1,외부,대합(B1)-지상(#4 출구)
1316,6,석계,E/S,8,1803-421,F1-B1,외부,대합(B1)-지상(#4 출구)
1317,6,석계,E/S,9,1803-414,B1(환승통로)-B2,내부,환승통로(B2)-대합(B1)
1318,6,석계,E/S,10,1803-415,B1(환승통로)-B2,내부,환승통로(B2)-대합(B1)
1319,6,석계,E/S,11,1803-416,F2(1호선)-B1,내부,대합(B1)-1호선승강(F1)
1320,6,석계,E/S,12,1803-417,F2(1호선)-B1,내부,대합(B1)-1호선승강(F1)
1321,6,석계,E/S,13,1803-376,F1-B1,외부,대합(B1)-지상(#2 출구)
1322,6,석계,E/S,14,1803-375,F1-B1,외부,대합(B1)-지상(#2 출구)
1323,6,태릉입구,E/S,1,1803-406,B3-B4,내부,7상/종/승강(B4)-대합(B3)
1324,6,태릉입구,E/S,2,1803-407,B3-B4,내부,7상/종/승강(B4)-대합(B3)
1325,6,태릉입구,E/S,3,1803-408,B3-B4,내부,7하/종/승강(B4)-대합(B3)
1326,6,태릉입구,E/S,4,1803-409,B3-B4,내부,7하/종/승강(B4)-대합(B3)
1327,6,태릉입구,E/S,5,1803-410,B2-B3,내부,대합(B3)-상/종/승강(B2)
1328,6,태릉입구,E/S,6,1803-411,B2-B3,내부,대합(B3)-상/종/승강(B2)
1329,6,태릉입구,E/S,7,1803-412,B2-B3,내부,대합(B3)-하/종/승강(B2)
1330,6,태릉입구,E/S,8,1803-413,B2-B3,내부,대합(B3)-하/종/승강(B2)
1331,6,태릉입구,E/S,9,1802-496,BM1-B1,내부,대합(B1)-BM1
1332,6,태릉입구,E/S,10,1802-498,F1-B1,외부,대합(B1)-지상(#7 출구)
1333,6,태릉입구,E/S,11,1802-497,F1-B1,외부,대합(B1)-지상(#7 출구)
1334,6,태릉입구,E/S,12,1810-167,BM1-B1,내부,대합(B1)-BM1
1335,6,태릉입구,E/S,13,1810-168,BM1-B1,내부,대합(B1)-BM1
1336,6,태릉입구,E/S,14,1810-169,F1-BM1,외부,BM1-지상(#6 출구)
1337,6,태릉입구,E/S,15,1810-170,F1-BM1,외부,BM1-지상(#6 출구)
1338,6,화랑대,E/S,1,1802-481,F1-B1,외부,대합(B1)-지상(#3 출구)
1339,6,화랑대,E/S,2,1802-482,F1-B1,외부,대합(B1)-지상(#3 출구)
1340,6,화랑대,E/S,3,1802-483,F1-B1,외부,대합(B1)-지상(#7 출구)
1341,6,화랑대,E/S,4,1802-484,F1-B1,외부,대합(B1)-지상(#7 출구)
1342,6,봉화산,E/S,1,1803-351,B1-B2,내부,상/시/승강(B2)-대합(B1)
1343,6,봉화산,E/S,2,1803-352,B1-B2,내부,종점/승강(B2)-대합(B1)
1344,6,봉화산,E/S,3,1809-120,F1-B1,외부,대합(B1)-지상(#3 출구)
1345,6,봉화산,E/S,4,1809-121,F1-B1,외부,대합(B1)-지상(#3 출구)
1346,6,신내,E/S,1,1812-436,F1-F2,,
1347,6,신내,E/S,2,1812-437,F1-F2,,
1348,7,수락산,E/S,1,1806-701,F1-B2,외부,대합(B2)-지상(#3 출구)
1349,7,수락산,E/S,2,1806-702,F1-B2,외부,대합(B2)-지상(#3 출구)
1350,7,수락산,E/S,3,1803-091,F1-B1,외부,대합(B1)-지상(#1 출구)
1351,7,수락산,E/S,4,1803-092,F1-B1,외부,대합(B1)-지상(#6 출구)
1352,7,수락산,E/S,5,1810-577,B1-F1,,대합(B1)-지상(#4 출구)
1353,7,수락산,E/S,6,1810-578,F1-B1,,대합(B1)-지상(#4 출구)
1354,7,마들,E/S,1,1803-093,B1-B2,내부,대합(B2)-대합(B1)
1355,7,마들,E/S,2,1803-094,B1-B2,내부,대합(B2)-대합(B1)
1356,7,마들,E/S,3,1806-815,F1-B1,외부,대합(B1)-지상(#3 출구)
1357,7,마들,E/S,4,1806-816,F1-B1,외부,대합(B1)-지상(#3 출구)
1358,7,마들,E/S,5,1806-824,F1-B1,외부,대합(B1)-지상(#6 출구)
1359,7,마들,E/S,6,1806-823,F1-B1,외부,대합(B1)-지상(#6 출구)
1360,7,마들,E/S,7,1810-567,B1-B2,내부,
1361,7,마들,E/S,8,1810-568,B1-B2,내부,
1362,7,노원,E/S,1,1806-611,B1-B3,내부,중앙/시/승강(B3)-대합(B1)
1363,7,노원,E/S,2,1806-612,B1-B3,내부,중앙/시/승강(B3)-대합(B1)
1364,7,노원,E/S,3,1806-613,B1-B3,내부,중앙/시/승강(B3)-대합(B1)
1365,7,노원,E/S,4,1806-609,환승통로,내부,대합(B1)-BM1
1366,7,노원,E/S,5,1806-610,환승통로,내부,대합(B1)-BM1
1367,7,노원,E/S,6,1806-698,환승통로,내부,BM1-환승통로(F1)
1368,7,노원,E/S,7,1806-699,환승통로,내부,BM1-환승통로(F1)
1369,7,노원,E/S,8,1806-614,환승통로,내부,BM1-환승통로(F1)
1370,7,노원,E/S,9,1806-615,환승통로,내부,BM1-환승통로(F1)
1371,7,노원,E/S,10,1803-095,F1-B1,외부,대합(B1)-지상(#3 출구)
1372,7,노원,E/S,11,1803-096,F1-B1,외부,대합(B1)-지상(#3 출구)
1373,7,노원,E/S,12,1803-151,F1-B1,외부,대합(B1)-지상(#6 출구)
1374,7,노원,E/S,13,1803-152,F1-B1,외부,대합(B1)-지상(#6 출구)
1375,7,노원,E/S,14,1806-817,F1-BM1,외부,BM1-지상(#8 출구)
1376,7,노원,E/S,15,1806-818,F1-BM1,외부,BM1-지상(#8 출구)
1377,7,중계,E/S,1,1803-029,F1-BM1,외부,BM1-지상(#1 출구)
1378,7,중계,E/S,2,1803-030,F1-BM1,외부,BM1-지상(#1 출구)
1379,7,중계,E/S,3,1803-032,F1-BM1,외부,BM1-지상(#3 출구)
1380,7,중계,E/S,4,1803-031,F1-BM1,외부,BM1-지상(#3 출구)
1381,7,중계,E/S,5,1810-511,B2-B3,내부,
1382,7,중계,E/S,6,1810-512,B3-B2,내부,
1383,7,중계,E/S,7,1810-513,F1-B1,외부,
1384,7,중계,E/S,8,1810-514,B1-F1,외부,
1385,7,하계,E/S,1,1803-098,F1-BM1,외부,BM1-지상(#2 출구)
1386,7,하계,E/S,2,1803-097,F1-BM1,외부,BM1-지상(#2 출구)
1387,7,하계,E/S,3,1803-153,F1-BM1,외부,BM1-지상(#4 출구)
1388,7,하계,E/S,4,1803-154,F1-BM1,외부,BM1-지상(#4 출구)
1389,7,하계,E/S,5,1810-541,B1-F1,외부,B1-F1(#3 출구)
1390,7,하계,E/S,6,1810-542,B1-F1,외부,B1-F1(#3 출구)
1391,7,공릉,E/S,1,1806-700,B2-B4,내부,상/승강(B4)-대합(B2)
1392,7,공릉,E/S,2,1806-713,B2-B4,내부,하/승강(B4)-대합(B2)
1393,7,공릉,E/S,3,1806-714,B1-B3,내부,대합(B3)-대합(B1)
1394,7,공릉,E/S,4,1806-715,B1-B3,내부,대합(B3)-대합(B1)
1395,7,공릉,E/S,5,1806-841,F1-B1,외부,대합(B1)-지상(#4 출구)
1396,7,공릉,E/S,6,1806-840,F1-B1,외부,대합(B1)-지상(#4 출구)
1397,7,태릉입구,E/S,1,1806-730,B1-B3,내부,대합(B3)-대합(B1)
1398,7,태릉입구,E/S,2,1806-731,B1-B3,내부,대합(B3)-대합(B1)
1399,7,태릉입구,E/S,3,1806-732,B1-B3,내부,대합(B3)-대합(B1)
1400,7,태릉입구,E/S,4,1806-733,B1-B3,내부,대합(B3)-대합(B1)
1401,7,태릉입구,E/S,5,1815-413,B1-B3,내부,대합(B3)-대합(B1)
1402,7,태릉입구,E/S,6,1815-414,B1-B3,내부,대합(B3)-대합(B1)
1403,7,태릉입구,E/S,7,1810-579,B1-F1,,대합(B1)-지상(F1)
1404,7,태릉입구,E/S,8,1810-580,F1-B1,,지상(F1)-대합(B1)
1405,7,먹골,E/S,1,1803-157,F1-BM1,외부,BM1-지상(#2 출구)
1406,7,먹골,E/S,2,1803-158,F1-BM1,외부,BM1-지상(#2 출구)
1407,7,먹골,E/S,3,1806-821,F1-B1,외부,대합(B1)-지상(#7 출구)
1408,7,먹골,E/S,4,1806-822,F1-B1,외부,대합(B1)-지상(#7 출구)
1409,7,먹골,E/S,5,1810-830,B1-F1,외부,대합(B1)-지상(F1)
1410,7,먹골,E/S,6,1810-831,F1-B1,외부,지상(F1)-대합(B1)
1411,7,중화,E/S,1,1800-934,B2-B3,내부,
1412,7,중화,E/S,2,1800-935,B2-B3,내부,
1413,7,중화,E/S,3,1800-936,B2-B3,내부,
1414,7,중화,E/S,4,1800-937,B2-B3,내부,
1415,7,중화,E/S,5,1800-939,F1-B1,외부,대합(B1)-지상(#3 출구)
1416,7,중화,E/S,6,1800-940,B1-F1,외부,대합(B1)-지상(#3 출구)
1417,7,상봉,E/S,1,1806-835,F1-BM1,외부,BM1-지상(#1 출구)
1418,7,상봉,E/S,2,1806-834,F1-BM1,외부,BM1-지상(#1 출구)
1419,7,상봉,E/S,3,1806-837,F1-BM1,외부,BM1-지상(#2 출구)
1420,7,상봉,E/S,4,1806-836,F1-BM1,외부,BM1-지상(#2 출구)
1421,7,상봉,E/S,5,1806-839,F1-B1,외부,BM1-지상(#3 출구)
1422,7,상봉,E/S,6,1806-838,F1-B1,외부,BM1-지상(#3 출구)
1423,7,면목,E/S,1,1806-601,B1-B3,내부,대합(B3)-대합(B1)
1424,7,면목,E/S,2,1806-602,B1-B3,내부,대합(B3)-대합(B1)
1425,7,면목,E/S,3,1806-819,F1-B1,외부,대합(B1)-지상(#3 출구)
1426,7,면목,E/S,4,1806-820,F1-B1,외부,대합(B1)-지상(#3 출구)
1427,7,면목,E/S,5,1803-089,F1-B1,외부,대합(B1)-지상(#2 출구)
1428,7,면목,E/S,6,1803-090,F1-B1,외부,대합(B1)-지상(#2 출구)
1429,7,사가정,E/S,1,1806-603,B1-B3,내부,대합(B3)-대합(B1)
1430,7,사가정,E/S,2,1806-604,B1-B3,내부,대합(B3)-대합(B1)
1431,7,사가정,E/S,3,1806-703,F1-B1,외부,대합(B1)-지상(#1 출구)
1432,7,사가정,E/S,4,1806-704,F1-B1,외부,대합(B1)-지상(#1 출구)
1433,7,사가정,E/S,5,1806-605,F1-B1,외부,대합(B1)-지상(#3 출구)
1434,7,사가정,E/S,6,1806-606,F1-B1,외부,대합(B1)-지상(#3 출구)
1435,7,사가정,E/S,7,1806-607,F1-B1,외부,대합(B1)-지상(#4 출구)
1436,7,사가정,E/S,8,1806-608,F1-B1,외부,대합(B1)-지상(#4 출구)
1437,7,사가정,E/S,9,1803-176,B1-1,외부,대합(B1)-지상(#2 출구)
1438,7,사가정,E/S,10,1803-177 ,1-B1,외부,대합(B1)-지상(#2 출구)
1439,7,용마산,E/S,1,1806-734,B1-B3,내부,대합(B3)-대합(B1)
1440,7,용마산,E/S,2,1806-735,B1-B3,내부,대합(B3)-대합(B1)
1441,7,용마산,E/S,3,1803-155,BM1-B1,내부,대합(B1)-BM1
1442,7,용마산,E/S,4,1803-156,BM1-B1,내부,대합(B1)-BM1
1443,7,용마산,E/S,5,1809-929,F1-BM1,외부,BM1-지상(#1 출구)
1444,7,용마산,E/S,6,1809-930,F1-BM1,외부,BM1-지상(#1 출구)
1445,7,용마산,E/S,7,1803-178 ,B1-1,외부,대합(B1)-지상(#3 출구)
1446,7,용마산,E/S,8,1803-179 ,1-B1,외부,대합(B1)-지상(#3 출구)
1447,7,중곡,E/S,1,1806-034,F1-B1,외부,대합(B1)-지상(#3 출구)
1448,7,중곡,E/S,2,1806-035,F1-B1,외부,대합(B1)-지상(#3 출구)
1449,7,중곡,E/S,3,1811-766,B1-F1,외부,
1450,7,중곡,E/S,4,1811-767,F1-B1,외부,
1451,7,군자,E/S,1,1811-681,B2-B1,내부,
1452,7,군자,E/S,2,1811-682,B1-B2,내부,
1453,7,군자,E/S,3,1811-683,B3-B2,내부,
1454,7,군자,E/S,4,1811-684,B2-B3,내부,
1455,7,군자,E/S,5,1811-685,B3-B2,내부,
1456,7,군자,E/S,6,1811-686,B2-B3,내부,
1457,7,어린이대공원,E/S,1,1801-751,F1-B1,외부,대합(B1)-지상(#5 출구)
1458,7,어린이대공원,E/S,2,1801-752,F1-B1,외부,대합(B1)-지상(#5 출구)
1459,7,어린이대공원,E/S,3,1806-036,F1-B1,외부,대합(B1)-지상(#3 출구)
1460,7,어린이대공원,E/S,4,1806-037,F1-B1,외부,대합(B1)-지상(#3 출구)
1461,7,어린이대공원,E/S,5,1811-531,F1-BM1,외부,(BM1)-지상(#1 출구)
1462,7,어린이대공원,E/S,6,1811-532,F1-BM1,외부,(BM1)-지상(#1 출구)
1463,7,건대입구,E/S,1,1801-691,환승통로,내부,대합(B3)-FM1
1464,7,건대입구,E/S,2,1801-692,환승통로,내부,대합(B3)-FM1
1465,7,건대입구,E/S,3,1805-897,환승통로,내부,FM1-대합(F2)
1466,7,건대입구,E/S,4,1805-840,환승통로,내부,FM1-대합(F2)
1467,7,건대입구,E/S,5,1801-693,환승통로,내부,하/종/승강(B2)-대합(F2)
1468,7,건대입구,E/S,6,1801-694,환승통로,내부,하/종/승강(B2)-대합(F2)
1469,7,건대입구,E/S,7,1801-472,B2-B3,내부,대합(B3)-상/승강(B2)
1470,7,건대입구,E/S,8,1805-838,B1-B2,내부,대합(B2)-대합(B1)
1471,7,건대입구,E/S,9,1805-839,B1-B2,내부,대합(B2)-대합(B1)
1472,7,건대입구,E/S,10,1805-837,F1-B1,외부,대합(B1)-지상(#3 출구)
1473,7,건대입구,E/S,11,1805-836,F1-B1,외부,대합(B1)-지상(#3 출구)
1474,7,뚝섬유원지,E/S,1,1801-591,F2-F1,외부,#1 출구(F1)-대합(F2)
1475,7,뚝섬유원지,E/S,2,1801-592,F2-F1,외부,#1 출구(F1)-대합(F2)
1476,7,뚝섬유원지,E/S,3,1801-593,F2-F1,외부,#4 출구(F1)-대합(F2)
1477,7,뚝섬유원지,E/S,4,1801-594,F2-F1,외부,#4 출구(F1)-대합(F2)
1478,7,청담,E/S,1,1802-717,B1-B3,내부,대합(B3)-대합(B1)
1479,7,청담,E/S,2,1802-718,B1-B3,내부,대합(B3)-대합(B1)
1480,7,청담,E/S,3,1802-719,F1-B1,외부,대합(B1)-지상(#4 출구)
1481,7,청담,E/S,4,1802-720,F1-B1,외부,대합(B1)-지상(#4 출구)
1482,7,청담,E/S,5,1805-792,F1-B1,외부,대합(B1)-지상(#10 출구)
1483,7,청담,E/S,6,1805-793,F1-B1,외부,대합(B1)-지상(#10 출구)
1484,7,청담,E/S,7,1802-875,F1-B1,외부,대합(B1)-지상(#1 출구)
1485,7,청담,E/S,8,1802-876,F1-B1,외부,대합(B1)-지상(#1 출구)
1486,7,청담,E/S,9,1802-877,F1-B1,외부,대합(B1)-지상(#2 출구)
1487,7,청담,E/S,10,1802-878,F1-B1,외부,대합(B1)-지상(#2 출구)
1488,7,청담,E/S,11,1802-879,F1-B1,외부,대합(B1)-지상(#6 출구)
1489,7,청담,E/S,12,1802-880,F1-B1,외부,대합(B1)-지상(#6 출구)
1490,7,청담,E/S,13,1802-881,F1-B1,외부,대합(B1)-지상(#7 출구)
1491,7,청담,E/S,14,1802-882,F1-B1,외부,대합(B1)-지상(#7 출구)
1492,7,청담,E/S,15,1802-883,F1-B1,외부,대합(B1)-지상(#9 출구)
1493,7,청담,E/S,16,1802-884,F1-B1,외부,대합(B1)-지상(#9 출구)
1494,7,강남구청,E/S,1,1805-505,B1-B2,내부,대합(B2)-대합(B1)
1495,7,강남구청,E/S,2,1805-506,B1-B2,내부,대합(B2)-대합(B1)
1496,7,강남구청,E/S,3,1805-507,B1-B2,내부,대합(B2)-대합(B1)
1497,7,강남구청,E/S,4,1805-508,B1-B2,내부,대합(B2)-대합(B1)
1498,7,강남구청,E/S,5,1805-639,BM1-B1,내부,대합(B1)-BM1
1499,7,강남구청,E/S,6,1805-640,BM1-B1,내부,대합(B1)-BM1
1500,7,강남구청,E/S,7,1805-509,BM1-B1,내부,대합(B1)-BM1
1501,7,강남구청,E/S,8,0000-000,B1-BM2,내부,
1502,7,강남구청,E/S,9,0000-000,B1-BM2,내부,
1503,7,강남구청,E/S,10,0000-000,BM1-BM2,내부,
1504,7,강남구청,E/S,11,0000-000,BM1-BM2,내부,
1505,7,강남구청,E/S,12,0000-000,F1-BM1,내부,
1506,7,강남구청,E/S,13,0000-000,F1-BM1,내부,
1507,7,강남구청,E/S,14,0000-000,F1-BM1,내부,
1508,7,강남구청,E/S,15,0000-000,F1-BM1,내부,
1509,7,학동,E/S,1,1806-931,BM1-B1,내부,대합(B2)-대합(B1)
1510,7,학동,E/S,2,1806-932,BM1-B1,내부,대합(B2)-대합(B1)
1511,7,학동,E/S,3,1806-933,BM1-B1,내부,대합(B2)-대합(B1)
1512,7,학동,E/S,4,1806-934,BM1-B1,내부,대합(B2)-대합(B1)
1513,7,학동,E/S,5,1806-935,F1-B1,외부,대합(B1)-지상(#1 출구)
1514,7,학동,E/S,6,1806-936,F1-B1,외부,대합(B1)-지상(#1 출구)
1515,7,학동,E/S,7,1806-937,F1-B1,외부,대합(B1)-지상(#10 출구)
1516,7,학동,E/S,8,1806-938,F1-B1,외부,대합(B1)-지상(#10 출구)
1517,7,학동,E/S,9,1805-667,B1-B2(UP),내부,대합(B2)-대합(B1)
1518,7,학동,E/S,10,1805-668,B1-B2(DN),내부,대합(B2)-대합(B1)
1519,7,논현,E/S,1,1802-765,B1-B2,내부,대합(B2)-대합(B1)
1520,7,논현,E/S,2,1802-766,B1-B2,내부,대합(B2)-대합(B1)
1521,7,논현,E/S,3,1802-767,B1-B2,내부,대합(B2)-대합(B1)
1522,7,논현,E/S,4,1802-539,B1-B2,내부,대합(B2)-대합(B1)
1523,7,논현,E/S,5,1802-768,BM1-B1,내부,대합(B1)-BM1
1524,7,논현,E/S,6,1802-769,BM1-B1,내부,대합(B1)-BM1
1525,7,논현,E/S,7,1802-841,BM1-B1,내부,대합(B1)-BM1
1526,7,논현,E/S,8,1802-842,BM1-B1,내부,대합(B1)-BM1
1527,7,논현,E/S,9,1802-770,BM1-B1,내부,대합(B1)-BM1
1528,7,논현,E/S,10,1802-771,BM1-B1,내부,대합(B1)-BM1
1529,7,논현,E/S,11,1802-772,BM1-B1,내부,대합(B1)-BM1
1530,7,논현,E/S,12,1802-773,F1-BM1,외부,BM1-지상(#2 출구)
1531,7,논현,E/S,13,1802-774,F1-BM1,외부,BM1-지상(#2 출구)
1532,7,논현,E/S,14,1802-843,F1-BM1,외부,BM1-지상(#7 출구)
1533,7,논현,E/S,15,1802-844,F1-BM1,외부,BM1-지상(#7 출구)
1534,7,논현,E/S,16,1802-845,F1-BM1,외부,BM1-지상(#3 출구)
1535,7,논현,E/S,17,1802-846,F1-BM1,외부,BM1-지상(#3 출구)
1536,7,논현,E/S,18,1802-847,F1-BM1,외부,BM1-지상(#6 출구)
1537,7,논현,E/S,19,1802-848,F1-BM1,외부,BM1-지상(#6 출구)
1538,7,반포,E/S,1,1805-623,F1-B1,외부,대합(B1)-지상(#1 출구)
1539,7,반포,E/S,2,1805-624,F1-B1,외부,대합(B1)-지상(#1 출구)
1540,7,반포,E/S,3,1802-849,F1-B1,외부,대합(B1)-지상(#6 출구)
1541,7,반포,E/S,4,1802-850,F1-B1,외부,대합(B1)-지상(#6 출구)
1542,7,반포,E/S,5,1807-979,B1-B2,내부,
1543,7,반포,E/S,6,1807-982,B1-B2,내부,
1544,7,고속터미널,E/S,1,1802-721,B2-B3,내부,상/시/승강(B3)-대합(B2)
1545,7,고속터미널,E/S,2,1802-722,B2-B3,내부,상/시/승강(B3)-대합(B2)
1546,7,고속터미널,E/S,3,1802-723,B2-B3,내부,하/시/승강(B3)-대합(B2)
1547,7,고속터미널,E/S,4,1802-724,B2-B3,내부,하/시/승강(B3)-대합(B2)
1548,7,고속터미널,E/S,5,1802-751,B2-B3,내부,상/승강(B3)-대합(B2)
1549,7,고속터미널,E/S,6,1802-752,B2-B3,내부,상/승강(B3)-대합(B2)
1550,7,고속터미널,E/S,7,1802-753,B2-B3,내부,상/종/승강(B3)-대합(B2)
1551,7,고속터미널,E/S,8,1802-754,B2-B3,내부,하/종/승강(B3)-대합(B2)
1552,7,고속터미널,E/S,9,1802-755,환B2-B2,내부,환승통로-대합(B2)
1553,7,고속터미널,E/S,10,1802-756,환B2-B2,내부,환승통로-대합(B2)
1554,7,고속터미널,E/S,11,1802-757,환B2-B2,내부,환승통로-대합(B2)
1555,7,고속터미널,E/S,12,1802-758,B1-B2,내부,대합(B2)-대합(B1)
1556,7,고속터미널,E/S,13,1802-759,B1-B2,내부,대합(B2)-대합(B1)
1557,7,고속터미널,E/S,14,1802-760,B1-B2,내부,대합(B2)-대합(B1)
1558,7,고속터미널,E/S,15,1802-761,B1-B2,내부,대합(B2)-대합(B1)
1559,7,고속터미널,E/S,16,1802-762,BM1-B1,내부,대합(B1)-BM1
1560,7,고속터미널,E/S,17,1802-763,BM1-B1,내부,대합(B1)-BM1
1561,7,고속터미널,E/S,18,1802-764,BM1-BM2,내부,BM2-BM1(#3 방면)
1562,7,고속터미널,E/S,19,1802-725,BM1-BM2,내부,BM2-BM1(#3 방면)
1563,7,고속터미널,E/S,20,1802-726,BM1-B1,내부,대합(B1)-BM1
1564,7,고속터미널,E/S,21,1802-727,BM1-B1,내부,대합(B1)-BM1
1565,7,내방,E/S,1,1802-728,F1-B1,외부,대합(B1)-지상(#2 출구)
1566,7,내방,E/S,2,1802-729,F1-B1,외부,대합(B1)-지상(#2 출구)
1567,7,내방,E/S,3,1802-730,F1-B1,외부,대합(B1)-지상(#4 출구)
1568,7,내방,E/S,4,1802-731,F1-B1,외부,대합(B1)-지상(#4 출구)
1569,7,내방,E/S,5,1802-732,F1-BM1,외부,BM1-지상(#6 출구)
1570,7,내방,E/S,6,1802-733,F1-BM1,외부,BM1-지상(#6 출구)
1571,7,내방,E/S,7,1802-734,F1-BM1,외부,BM1-지상(#7 출구)
1572,7,내방,E/S,8,1802-735,F1-BM1,외부,BM1-지상(#7 출구)
1573,7,내방,E/S,9,1807-980,B1-B2,내부,
1574,7,내방,E/S,10,1807-981,B1-B2,내부,
1575,7,이수,E/S,1,1804-174,B3-B4,내부,상/승강(B4)-대합(B3)
1576,7,이수,E/S,2,1804-175,B3-B4,내부,하/승강(B4)-대합(B3)
1577,7,이수,E/S,3,1804-176,B3-B4,내부,환승통로(B4)-대합(B3)
1578,7,이수,E/S,4,1804-177,B3-B4,내부,환승통로(B4)-대합(B3)
1579,7,이수,E/S,5,1804-178,환B2-B3,내부,환승통로(B3)-4승강(B2)
1580,7,이수,E/S,6,1804-179,환B2-B3,내부,환승통로(B3)-4승강(B2)
1581,7,이수,E/S,7,1804-180,환B2-B3,내부,환승통로(B3)-4승강(B2)
1582,7,이수,E/S,8,1804-181,환B2-B3,내부,환승통로(B3)-4승강(B2)
1583,7,이수,E/S,9,1804-182,B1-B3,내부,대합(B3)-대합(B1)
1584,7,이수,E/S,10,1804-183,B1-B3,내부,대합(B3)-대합(B1)
1585,7,이수,E/S,11,1804-184,B1-B3,내부,대합(B3)-대합(B1)
1586,7,이수,E/S,12,1804-185,B1-B3,내부,대합(B3)-대합(B1)
1587,7,이수,E/S,13,1804-186,B1-B3,내부,대합(B3)-대합(B1)
1588,7,이수,E/S,14,1804-187,F1-B1,외부,대합(B1)-지상(#6 출구)
1589,7,이수,E/S,15,1804-188,F1-B1,외부,대합(B1)-지상(#6 출구)
1590,7,이수,E/S,16,1804-189,F1-B1,외부,대합(B1)-지상(#7 출구)
1591,7,이수,E/S,17,1804-190,F1-B1,외부,대합(B1)-지상(#7 출구)
1592,7,이수,E/S,18,1804-191,F1-B1,외부,대합(B1)-지상(#3 출구)
1593,7,이수,E/S,19,1804-192,F1-B1,외부,대합(B1)-지상(#3 출구)
1594,7,이수,E/S,20,1804-193,F1-B1,외부,대합(B1)-지상(#12 출구)
1595,7,이수,E/S,21,1804-194,F1-B1,외부,대합(B1)-지상(#12 출구)
1596,7,이수,E/S,22,1804-195,F1-B1,외부,대합(B1)-지상(#10 출구)
1597,7,이수,E/S,23,1804-196,F1-B1,외부,대합(B1)-지상(#10 출구)
1598,7,남성,E/S,1,1804-203,B1-B2,내부,대합(B2)-대합(B1)
1599,7,남성,E/S,2,1816-267,B2-F1,내부,B2-F1
1600,7,남성,E/S,3,1816-268,F1-B2,내부,F1-B2
1601,7,남성,E/S,4,1804-206,F1-B1,외부,대합(B1)-지상(#4 출구)
1602,7,남성,E/S,5,1804-207,F1-B1,외부,대합(B1)-지상(#4 출구)
1603,7,남성,E/S,6,1809-951,B1-B2,내부,대합(B2)-대합(B1)
1604,7,남성,E/S,7,1807-975,BM1-B1,내부,대합(B1)-BM1
1605,7,남성,E/S,8,1807-976,BM1-B1,내부,대합(B1)-BM1
1606,7,남성,E/S,9,1807-977,F1-BM1,외부,BM1-지상(#3 출구)
1607,7,남성,E/S,10,1807-978,F1-BM1,외부,BM1-지상(#3 출구)
1608,7,남성,E/S,11,1816-269,,2번 출구,
1609,7,남성,E/S,12,1816-270,,2번 출구,
1610,7,남성,E/S,13,1816-271,,2번 중층,
1611,7,남성,E/S,14,1816-272,,2번 중층,
1612,7,숭실대입구,E/S,1,1804-278,B2-B5,내부,대합(B5)-대합(B2)
1613,7,숭실대입구,E/S,2,1804-279,B2-B5,내부,대합(B5)-대합(B2)
1614,7,숭실대입구,E/S,3,1804-280,B2-B5,내부,대합(B5)-대합(B2)
1615,7,숭실대입구,E/S,4,1807-201,B1-B2,내부,대합(B2)-대합(B1)
1616,7,숭실대입구,E/S,5,1807-202,B1-B2,내부,대합(B2)-대합(B1)
1617,7,숭실대입구,E/S,6,1807-203,B1-B2,내부,대합(B2)-대합(B1)
1618,7,숭실대입구,E/S,7,1807-204,F1-B1,외부,대합(B1)-지상(#1 출구)
1619,7,숭실대입구,E/S,8,1807-205,F1-B1,외부,대합(B1)-지상(#1 출구)
1620,7,숭실대입구,E/S,9,1807-206,F1-B1,외부,대합(B1)-지상(#4 출구)
1621,7,숭실대입구,E/S,10,1807-207,F1-B1,외부,대합(B1)-지상(#4 출구)
1622,7,숭실대입구,E/S,11,1808-000,F1-BM1,외부,(BM1)-지상(#3 출구)
1623,7,숭실대입구,E/S,12,1807-999,F1-BM1,외부,(BM1)-지상(#3 출구)
1624,7,상도,E/S,1,1803-925,B1-B2,내부,대합(B2)-대합(B1)
1625,7,상도,E/S,2,1803-926,BM1-B1,내부,대합(B1)-BM1
1626,7,상도,E/S,3,1803-927,BM1-B1,내부,대합(B1)-BM1
1627,7,상도,E/S,4,1803-928,BM1-B1,내부,대합(B1)-BM1
1628,7,상도,E/S,5,1803-929,BM1-B1,내부,대합(B1)-BM1
1629,7,상도,E/S,6,1803-930,F1-BM1,외부,BM1-지상(#2 출구)
1630,7,상도,E/S,7,1803-931,F1-BM1,외부,BM1-지상(#2 출구)
1631,7,상도,E/S,8,1803-932,F1-BM1,외부,BM1-지상(#5 출구)
1632,7,상도,E/S,9,1803-933,F1-BM1,외부,BM1-지상(#5 출구)
1633,7,상도,E/S,10,1803-934,F1-BM1,외부,BM1-지상(#4 출구)
1634,7,상도,E/S,11,1803-935,F1-BM1,외부,BM1-지상(#4 출구)
1635,7,장승배기,E/S,1,1803-936,B1-B2,내부,대합(B2)-대합(B1)
1636,7,장승배기,E/S,2,1803-937,B1-B2,내부,대합(B2)-대합(B1)
1637,7,장승배기,E/S,3,1803-938,BM1-B1,내부,대합(B1)-BM1
1638,7,장승배기,E/S,4,1803-939,BM1-B1,내부,대합(B1)-BM1
1639,7,장승배기,E/S,5,1803-940,F1-B1,외부,대합(B1)-지상(#1 출구)
1640,7,장승배기,E/S,6,1803-941,F1-B1,외부,대합(B1)-지상(#1 출구)
1641,7,장승배기,E/S,7,1803-942,BM1-B1,내부,대합(B1)-BM1
1642,7,장승배기,E/S,8,1803-943,F1-BM1,외부,BM1-지상(#2 출구)
1643,7,장승배기,E/S,9,1803-944,F1-BM1,외부,BM1-지상(#6 출구)
1644,7,장승배기,E/S,10,1803-945,F1-BM1,외부,BM1-지상(#6 출구)
1645,7,신대방삼거리,E/S,1,1803-975,B1-B2,내부,대합(B2)-대합(B1)
1646,7,신대방삼거리,E/S,2,1803-982,B1-B2,내부,대합(B2)-대합(B1)
1647,7,신대방삼거리,E/S,3,1803-976,BM1-B1,내부,대합(B1)-BM1
1648,7,신대방삼거리,E/S,4,1803-977,BM1-B1,내부,대합(B1)-BM1
1649,7,신대방삼거리,E/S,5,1803-978,F1-BM1,외부,BM1-지상(#1 출구)
1650,7,신대방삼거리,E/S,6,1803-979,F1-BM1,외부,BM1-지상(#1 출구)
1651,7,신대방삼거리,E/S,7,1803-980,F1-BM1,외부,BM1-지상(#3 출구)
1652,7,신대방삼거리,E/S,8,1803-981,F1-BM1,외부,BM1-지상(#3 출구)
1653,7,신대방삼거리,E/S,9,1807-605,B2-B1,내부,상/승강(B3)-대합(B2)
1654,7,신대방삼거리,E/S,10,1807-606,B1-B2,내부,상/승강(B3)-대합(B2)
1655,7,신대방삼거리,E/S,11,1807-607,B1-B2,내부,하/승강(B3)-대합(B2)
1656,7,신대방삼거리,E/S,12,1807-608,B1-B2,내부,하/승강(B3)-대합(B2)
1657,7,보라매,E/S,1,1803-492,BM1-B1,내부,대합(B1)-BM1
1658,7,보라매,E/S,2,1803-493,F1-B1,외부,대합(B1)-지상(#8 출구)
1659,7,보라매,E/S,3,1803-494,F1-B1,외부,대합(B1)-지상(#8 출구)
1660,7,보라매,E/S,4,1803-495,BM1-B1,내부,대합(B1)-BM1
1661,7,신풍,E/S,1,1803-588,F1-B1,외부,대합(B1)-지상(#1 출구)
1662,7,신풍,E/S,2,1803-589,F1-B1,외부,대합(B1)-지상(#1 출구)
1663,7,신풍,E/S,3,1803-590,F1-B1,외부,대합(B1)-지상(#3 출구)
1664,7,신풍,E/S,4,1803-591,F1-B1,외부,대합(B1)-지상(#3 출구)
1665,7,대림,E/S,1,1803-601,B1-B2,내부,상/종/승강(B2)-대(B1)
1666,7,대림,E/S,2,1803-602,B1-B2,내부,상/종/승강(B2)-대(B1)
1667,7,대림,E/S,3,1803-603,B1-B2,내부,하/종/승강(B2)-대(B1)
1668,7,대림,E/S,4,1803-604,B1-B2,내부,하/종/승강(B2)-대(B1)
1669,7,대림,E/S,5,1803-605,F1-B1,외부,대합(B1)-지상(#10 출구)
1670,7,대림,E/S,6,1803-606,F1-B1,외부,대합(B1)-지상(#10 출구)
1671,7,대림,E/S,7,1803-607,환F1-B1,내부,BM1-대합(B1)
1672,7,대림,E/S,8,1803-608,환F1-B1,내부,BM1-환승통로(F1)
1673,7,대림,E/S,9,1803-609,환F1-B1,내부,BM1-환승통로(F1)
1674,7,대림,E/S,10,1803-610,환F1-B1,내부,대합(B1)-환승통로(F1)
1675,7,대림,E/S,11,1803-611,환F1-B1,내부,대합(B1)-환승통로(F1)
1676,7,대림,E/S,12,1814-635,F1-B2,,F1-B2
1677,7,대림,E/S,13,1814-636,B2-F1,,B2-F1
1678,7,남구로,E/S,1,1803-576,B2-B4,내부,대합(B4)-대합(B2)
1679,7,남구로,E/S,2,1803-577,B2-B4,내부,대합(B4)-대합(B2)
1680,7,남구로,E/S,3,1803-578,B2-B4,내부,대합(B4)-대합(B2)
1681,7,남구로,E/S,4,1803-579,B2-B4,내부,대합(B4)-대합(B2)
1682,7,남구로,E/S,5,1803-580,BM2-B2,내부,대합(B2)-BM2
1683,7,남구로,E/S,6,1803-581,BM2-B2,내부,대합(B2)-BM2
1684,7,남구로,E/S,7,1803-582,BM1-B1,내부,대합(B2)-BM1
1685,7,남구로,E/S,8,1803-583,BM1-B1,내부,대합(B2)-BM1
1686,7,남구로,E/S,9,1803-584,F1-BM1,외부,BM1-지상(#2 출구)
1687,7,남구로,E/S,10,1803-585,F1-BM1,외부,BM1-지상(#2 출구)
1688,7,남구로,E/S,11,1803-586,F1-BM1,외부,BM1-지상(#5 출구)
1689,7,남구로,E/S,12,1803-587,F1-BM1,외부,BM1-지상(#5 출구)
1690,7,가산디지털단지,E/S,1,1803-480,B1-B3,내부,대합(B3)-대합(B1)
1691,7,가산디지털단지,E/S,2,1803-481,B1-B3,내부,대합(B3)-대합(B1)
1692,7,가산디지털단지,E/S,3,1803-482,B1-B3,내부,대합(B3)-대합(B1)
1693,7,가산디지털단지,E/S,4,1803-483,B1-B3,내부,대합(B3)-대합(B1)
1694,7,가산디지털단지,E/S,5,1803-484,B1-B3,내부,대합(B3)-대합(B1)
1695,7,가산디지털단지,E/S,6,1803-485,B1-B3,내부,대합(B3)-대합(B1)
1696,7,가산디지털단지,E/S,7,1803-486,F1-B1,외부,대합(B1)-지상(#5 출구)
1697,7,가산디지털단지,E/S,8,1803-487,F1-B1,외부,대합(B1)-지상(#5 출구)
1698,7,가산디지털단지,E/S,9,1803-488,F1-B1,내부,대합(B1)-1호선승강(F1)
1699,7,가산디지털단지,E/S,10,1803-489,F1-B1,내부,대합(B1)-1호선승강(F1)
1700,7,가산디지털단지,E/S,11,1803-490,F1-B1,내부,대합(B1)-1호선승강(F1)
1701,7,가산디지털단지,E/S,12,1803-491,F1-B1,내부,대합(B1)-1호선승강(F1)
1702,7,가산디지털단지,E/S,13,1807-283,F1-B1,외부,2번출구(B1-지상)
1703,7,가산디지털단지,E/S,14,1807-282,F1-B1,외부,2번출구(B1-지상)
1704,7,가산디지털단지,E/S,15,1807-285,F1-B1,외부,3번출구(B1-지상)
1705,7,가산디지털단지,E/S,16,1807-284,F1-B1,외부,3번출구(B1-지상)
1706,7,철산,E/S,1,3801-711,F1-B1,외부,종/대합(B1)-지상(#2 출구)
1707,7,철산,E/S,2,3801-712,F1-B1,외부,종/대합(B1)-지상(#2 출구)
1708,7,철산,E/S,3,3808-480,F1-B1,외부,대합(B1)-지상(#1 출구)
1709,7,철산,E/S,4,3808-479,F1-B1,외부,대합(B1)-지상(#1 출구)
1710,7,철산,E/S,5,3813-188,F1-B1,외부,대합(B1)-지상(#4 출구)
1711,7,철산,E/S,6,3813-187,F1-B1,외부,대합(B1)-지상(#4 출구)
1712,7,광명사거리,E/S,1,3818-918,B1-F1,외부,대합(B1)-지상(#9 출구)
1713,7,광명사거리,E/S,2,3818-919,B1-F1,외부,대합(B1)-지상(#9 출구)
1714,7,천왕,E/S,1,1803-478,F1-B1,외부,대합(B1)-지상(#3 출구)
1715,7,천왕,E/S,2,1803-479,F1-B1,외부,대합(B1)-지상(#3 출구)
1716,7,천왕,E/S,3,1810-908,F1-B1,외부,대합(B1)-지상(#1 출구)
1717,7,천왕,E/S,4,1810-909,F1-B1,외부,대합(B1)-지상(#1 출구)
1718,7,천왕,E/S,5,1812-615,F1-B1,외부,대합(B1)-지상(#2 출구)
1719,7,천왕,E/S,6,1812-616,F1-B1,외부,대합(B1)-지상(#2 출구)
1720,7,온수,E/S,1,1803-454,B1-B2,내부,하/종/승강(B2)-대합(B1)
1721,7,온수,E/S,2,1803-455,B1-B2,내부,상/종/승강(B2)-대합(B1)
1722,7,온수,E/S,3,1803-456,B1-B2,내부,하/시/승강(B2)-대(B1)
1723,7,온수,E/S,4,1803-457,B1-B2,내부,상/시/승강(B2)-대(B1)
1724,7,온수,E/S,5,1803-458,BM1-B1,내부,대합(B1)-BM1
1725,7,온수,E/S,6,1803-459,BM1-B1,내부,대합(B1)-BM1
1726,7,온수,E/S,7,1803-460,F1-B1,내부,시/환승통로(B1)-1호선승강(F1)
1727,7,온수,E/S,8,1803-461,F1-B1,내부,시/환승통로(B1)-1호선승강(F1)
1728,7,온수,E/S,9,1803-462,F1-B1,외부,대합(B1)-지상(#2 출구)
1729,7,온수,E/S,10,1803-463,F1-B1,외부,대합(B1)-지상(#2 출구)
1730,7,온수,E/S,11,1803-464,F1-B1,외부,대합(B1)-지상(#5 출구)
1731,7,온수,E/S,12,1803-465,F1-B1,외부,대합(B1)-지상(#5 출구)
1732,7,온수,E/S,13,1803-466,F1-B1,내부,종/환승통로(B1)-1호선승강(F1)
1733,7,온수,E/S,14,1803-467,F1-B1,내부,종/환승통로(B1)-1호선승강(F1)
1734,7,온수,E/S,15,1803-468,F1-B1,내부,종/환승통로(B1)-1호선승강(F1)
1735,7,온수,E/S,16,1803-469,F1-B1,내부,종/환승통로(B1)-1호선승강(F1)
1736,8,암사,E/S,1,1805-216,F1-B1,외부,대합(B1)-지상(#1 출구)
1737,8,암사,E/S,2,1805-217,F1-B1,외부,대합(B1)-지상(#1 출구)
1738,8,암사,E/S,3,1801-964,F1-B1,외부,대합(B1)-지상(#4 출구)
1739,8,암사,E/S,4,1801-965,F1-B1,외부,대합(B1)-지상(#4 출구)
1740,8,강동구청,E/S,1,1808-897,B1-B2,내부,대합(B2)-대합(B1)
1741,8,강동구청,E/S,2,1808-898,B1-B2,내부,대합(B2)-대합(B1)
1742,8,강동구청,E/S,3,1808-899,BM1-B1,내부,대합(B1)-BM1
1743,8,강동구청,E/S,4,1808-900,BM1-B1,내부,대합(B1)-BM1
1744,8,강동구청,E/S,5,1805-220,BM1-B1,내부,대합(B1)-BM1
1745,8,몽촌토성,E/S,1,1806-991,B1-B2,내부,대합(B2)-대합(B1)
1746,8,몽촌토성,E/S,2,1806-992,B1-B2,내부,대합(B2)-대합(B1)
1747,8,몽촌토성,E/S,3,1806-993,BM1-B1,내부,대합(B1)-BM1
1748,8,몽촌토성,E/S,4,1806-994,BM1-B1,내부,대합(B1)-BM1
1749,8,몽촌토성,E/S,5,1806-995,BM1-B1,내부,대합(B1)-BM1
1750,8,몽촌토성,E/S,6,1806-996,BM1-B1,내부,대합(B1)-BM1
1751,8,몽촌토성,E/S,7,1806-997,F1-BM1,외부,BM1-지상(#5 출구)
1752,8,몽촌토성,E/S,8,1806-998,F1-BM1,외부,BM1-지상(#5 출구)
1753,8,잠실,E/S,1,1805-625,BM1-B1,내부,대합(B1)-BM1
1754,8,잠실,E/S,2,1807-889,B1-B2,내부,B2(대합실)-B1(연결통로)
1755,8,잠실,E/S,3,1807-890,B1-B2,내부,B2(대합실)-B1(연결통로)
1756,8,잠실,E/S,4,1809-593,B1-B2,내부,B2(대합실)-B1(연결통로)
1757,8,잠실,E/S,5,1809-594,B1-B2,내부,B2(대합실)-B1(연결통로)
1758,8,잠실,E/S,6,1807-832,BM1-B1,내부,B1(연결통로)-M1(롯데몰 입구)
1759,8,잠실,E/S,7,1807-829,BM1-B1,내부,B1(연결통로)-M1(롯데몰 입구)
1760,8,잠실,E/S,8,1807-831,F1-B1,외부,B1(롯데몰 입구)-F1(10번출구)
1761,8,잠실,E/S,9,1807-830,F1-B1,외부,B1(롯데몰 입구)-F1(10번출구)
1762,8,잠실,E/S,10,1807-833,F1-B1,외부,B1(롯데몰 입구)-F1(11번출구)
1763,8,잠실,E/S,11,1807-834,F1-B1,외부,B1(롯데몰 입구)-F1(11번출구)
1764,8,잠실,E/S,12,1807-842,B1-B2,내부,B2(롯데마트)-B1(연결통로)
1765,8,잠실,E/S,13,1807-843,B1-B2,내부,B2(롯데마트)-B1(연결통로)
1766,8,잠실,E/S,14,1807-841,BM1-B1,내부,B1(연결통로)-M1(롯데몰 입구)
1767,8,잠실,E/S,15,1807-840,BM1-B1,내부,B1(연결통로)-M1(롯데몰 입구)
1768,8,가락시장,E/S,1,1805-681,B2-B3,내부,환승통로(B3)-상/종/승강(B2)
1769,8,가락시장,E/S,2,1805-682,B2-B3,내부,환승통로(B3)-상/종/승강(B2)
1770,8,가락시장,E/S,3,1805-683,B2-B3,내부,환승통로(B3)-하/종/승강(B2)
1771,8,가락시장,E/S,4,1805-684,B2-B3,내부,환승통로(B3)-하/종/승강(B2)
1772,8,가락시장,E/S,5,1802-926,F1-B1,외부,대합(B1)-지상(#1 출구)
1773,8,가락시장,E/S,6,1802-927,F1-B1,외부,대합(B1)-지상(#1 출구)
1774,8,가락시장,E/S,7,1805-685,F1-B1,외부,대합(B1)-지상(#2 출구)
1775,8,가락시장,E/S,8,1805-686,F1-B1,외부,대합(B1)-지상(#2 출구)
1776,8,가락시장,E/S,9,1805-687,F1-B1,외부,대합(B1)-지상(#5 출구)
1777,8,가락시장,E/S,10,1805-688,F1-B1,외부,대합(B1)-지상(#5 출구)
1778,8,가락시장,E/S,11,1805-689,F1-B1,외부,대합(B1)-지상(#6 출구)
1779,8,가락시장,E/S,12,1805-690,F1-B1,외부,대합(B1)-지상(#6 출구)
1780,8,문정,E/S,1,1811-192,F1-B1,외부,대합(B1)-지상(#2 출구)
1781,8,문정,E/S,2,1811-191,F1-B1,외부,대합(B1)-지상(#2 출구)
1782,8,장지,E/S,1,1805-661,BM1-B1,내부,대합(B1)-BM1
1783,8,장지,E/S,2,1805-662,BM1-B1,내부,대합(B1)-BM1
1784,8,장지,E/S,3,1805-663,BM1-B1,내부,대합(B1)-BM1
1785,8,장지,E/S,4,1805-664,BM1-B1,내부,대합(B1)-BM1
1786,8,장지,E/S,5,1805-665,F1-BM1,외부,BM1-지상(#3 출구)
1787,8,장지,E/S,6,1805-666,F1-BM1,외부,BM1-지상(#3 출구)
1788,8,복정,E/S,1,1802-951,B1-B2,내부,중앙/승강(B2)-대합(B1)
1789,8,복정,E/S,2,1802-952,F1-BM1,외부,BM1-지상(#2 출구)
1790,8,복정,E/S,3,1802-953,F1-BM1,외부,BM1-지상(#2 출구)
1791,8,남위례,E/S,1,3813-889,F1-F2,,F1-F2
1792,8,남위례,E/S,2,3813-890,F2-F1,,F2-F1
1793,8,남위례,E/S,3,3813-891,F2-F3,,F2-F3
1794,8,남위례,E/S,4,3813-892,F3-F2,,F3-F2
1795,8,남위례,E/S,5,3813-886,F2-F3,,F2-F3
1796,8,남위례,E/S,6,3813-887,F3-F2,,F3-F2
1797,8,남위례,E/S,7,3813-888,F1-F2,,F1-F2
1798,8,산성,E/S,1,3805-435,B2-B3,내부,상/시/승강(B3)-대합(B2)
1799,8,산성,E/S,2,3805-436,B2-B3,내부,상/시/승강(B3)-대합(B2)
1800,8,산성,E/S,3,3805-437,B2-B3,내부,하/시/승강(B3)-대합(B2)
1801,8,산성,E/S,4,3805-438,B2-B3,내부,하/시/승강(B3)-대합(B2)
1802,8,산성,E/S,5,3802-097,B2-B3,내부,상/종/승강(B3)-대합(B2)
1803,8,산성,E/S,6,3802-098,B2-B3,내부,상/종/승강(B3)-대합(B2)
1804,8,산성,E/S,7,3802-099,B2-B3,내부,하/종/승강(B3)-대합(B2)
1805,8,산성,E/S,8,3802-100,B2-B3,내부,하/종/승강(B3)-대합(B2)
1806,8,산성,E/S,9,3805-449,B1-B2,내부,대합(B2)-대합(B1)
1807,8,산성,E/S,10,3805-439,B1-B2,내부,대합(B2)-대합(B1)
1808,8,산성,E/S,11,3805-440,B1-B2,내부,대합(B2)-대합(B1)
1809,8,산성,E/S,12,3805-502,F1-BM1,외부,BM1-지상(#2 출구)
1810,8,산성,E/S,13,3805-501,F1-BM1,외부,BM1-지상(#2 출구)
1811,8,남한산성입구,E/S,1,3802-079,F1-B1,외부,대합(B1)-지상(#1 출구)
1812,8,남한산성입구,E/S,2,3802-080,F1-B1,외부,대합(B1)-지상(#1 출구)
1813,8,남한산성입구,E/S,3,3805-603,B2-B1,내부,대합(B2)-대합(B1)
1814,8,남한산성입구,E/S,4,3805-604,B2-B2,내부,대합(B2)-대합(B1)
1815,8,단대오거리,E/S,1,3802-053,F1-B2,외부,대합(B1)-지상(#1 출구)
1816,8,단대오거리,E/S,2,3802-054,F1-B2,외부,대합(B1)-지상(#1 출구)
1817,8,단대오거리,E/S,3,3805-601,B1-B2,내부,대합(B2)-대합(B1)
1818,8,단대오거리,E/S,4,3805-602,B1-B2,내부,대합(B2)-대합(B1)
1819,8,단대오거리,E/S,5,3811-916,F1-B1,외부,
1820,8,단대오거리,E/S,6,3811-917,F1-B1,외부,
1821,8,모란,E/S,1,3802-183,B1-B2,내부,대합(B2)-대합(B1)
1822,8,모란,E/S,2,3802-184,B1-B2,내부,대합(B2)-대합(B1)
